election,state,body,ac_eci_no,constituency_name,electors,votes_polled,turnout_pct,rank,candidate_name,party_short,party_eci_code,votes,vote_share_pct,is_winner,is_nota,gender,age,category
AcGenApr2021,S11,AC,1,MANJESHWAR,221711,172426,77.77,1,A K M Ashraf,IUML,,65758,38.14,1,0,M,43,GEN
AcGenApr2021,S11,AC,1,MANJESHWAR,221711,172426,77.77,2,K Surendran,BJP,,65013,37.7,0,0,M,51,GEN
AcGenApr2021,S11,AC,1,MANJESHWAR,221711,172426,77.77,3,V V Rameshan,CPI(M),,40639,23.57,0,0,M,54,GEN
AcGenApr2021,S11,AC,1,MANJESHWAR,221711,172426,77.77,4,Praveen Kumar S,ADHRMPI,,251,0.15,0,0,M,30,SC
AcGenApr2021,S11,AC,1,MANJESHWAR,221711,172426,77.77,5,Surendran M S/o Padmavathi M,IND,,197,0.11,0,0,M,51,GEN
AcGenApr2021,S11,AC,1,MANJESHWAR,221711,172426,77.77,6,NOTA,NOTA,,387,0.22,0,1,,,
AcGenApr2021,S11,AC,2,KASARAGOD,201863,144500,71.58,1,N A Nellikkunnu,IUML,,63296,43.8,1,0,M,67,GEN
AcGenApr2021,S11,AC,2,KASARAGOD,201863,144500,71.58,2,Adv K Shreekanth,BJP,,50395,34.88,0,0,M,45,GEN
AcGenApr2021,S11,AC,2,KASARAGOD,201863,144500,71.58,3,M A Latheef,INL,,28323,19.6,0,0,M,55,GEN
AcGenApr2021,S11,AC,2,KASARAGOD,201863,144500,71.58,4,Vijaya K P,BSP,,679,0.47,0,0,M,60,SC
AcGenApr2021,S11,AC,2,KASARAGOD,201863,144500,71.58,5,Ranjith Raj M,ADHRMPI,,555,0.38,0,0,M,28,SC
AcGenApr2021,S11,AC,2,KASARAGOD,201863,144500,71.58,6,NOTA,NOTA,,639,0.44,0,1,,,
AcGenApr2021,S11,AC,3,UDMA,214368,165341,77.13,1,C H Kunhambu,CPI(M),,78664,47.58,1,0,M,61,GEN
AcGenApr2021,S11,AC,3,UDMA,214368,165341,77.13,2,Balakrishnan Periye,INC,,65342,39.52,0,0,M,49,GEN
AcGenApr2021,S11,AC,3,UDMA,214368,165341,77.13,3,A Velayudhan,BJP,,20360,12.31,0,0,M,53,GEN
AcGenApr2021,S11,AC,3,UDMA,214368,165341,77.13,4,Rameshan K,IND,,207,0.13,0,0,M,28,ST
AcGenApr2021,S11,AC,3,UDMA,214368,165341,77.13,5,Govindan B Alinthaze,APoI,,194,0.12,0,0,M,47,ST
AcGenApr2021,S11,AC,3,UDMA,214368,165341,77.13,6,NOTA,NOTA,,434,0.26,0,1,,,
AcGenApr2021,S11,AC,4,KANHANGAD,218836,166835,76.24,1,E Chandrashekaran,CPI,,84615,50.72,1,0,M,72,GEN
AcGenApr2021,S11,AC,4,KANHANGAD,218836,166835,76.24,2,P V Suresh,INC,,57476,34.45,0,0,M,44,GEN
AcGenApr2021,S11,AC,4,KANHANGAD,218836,166835,76.24,3,Balraj,BJP,,21570,12.93,0,0,M,53,GEN
AcGenApr2021,S11,AC,4,KANHANGAD,218836,166835,76.24,4,Abdul Samad. T S/o T Kunhamu Haji,SDPI,,775,0.46,0,0,M,45,GEN
AcGenApr2021,S11,AC,4,KANHANGAD,218836,166835,76.24,5,Augustin,IND,,532,0.32,0,0,M,55,GEN
AcGenApr2021,S11,AC,4,KANHANGAD,218836,166835,76.24,6,NOTA,NOTA,,637,0.38,0,1,,,
AcGenApr2021,S11,AC,5,TRIKARIPUR,203189,160408,78.95,1,M Rajagopalan,CPI(M),,86151,53.71,1,0,M,60,GEN
AcGenApr2021,S11,AC,5,TRIKARIPUR,203189,160408,78.95,2,M P Joseph,KEC,,60014,37.41,0,0,M,67,GEN
AcGenApr2021,S11,AC,5,TRIKARIPUR,203189,160408,78.95,3,Shibin T V,BJP,,10961,6.83,0,0,M,35,GEN
AcGenApr2021,S11,AC,5,TRIKARIPUR,203189,160408,78.95,4,Liyakathali P,SDPI,,1211,0.75,0,0,M,44,GEN
AcGenApr2021,S11,AC,5,TRIKARIPUR,203189,160408,78.95,5,T Mahesh Master,WPOI,,817,0.51,0,0,M,36,SC
AcGenApr2021,S11,AC,5,TRIKARIPUR,203189,160408,78.95,6,NOTA,NOTA,,558,0.35,0,1,,,
AcGenApr2021,S11,AC,6,PAYYANNUR,184264,149945,81.38,1,T I Madhusoodanan,CPI(M),,93695,62.49,1,0,M,61,GEN
AcGenApr2021,S11,AC,6,PAYYANNUR,184264,149945,81.38,2,M Pradeep Kumar,INC,,43915,29.29,0,0,M,58,GEN
AcGenApr2021,S11,AC,6,PAYYANNUR,184264,149945,81.38,3,Adv K K Sreedharan,BJP,,11308,7.54,0,0,M,62,GEN
AcGenApr2021,S11,AC,6,PAYYANNUR,184264,149945,81.38,4,Abhilash K V,IND,,341,0.23,0,0,M,30,GEN
AcGenApr2021,S11,AC,6,PAYYANNUR,184264,149945,81.38,5,NOTA,NOTA,,686,0.46,0,1,,,
AcGenApr2021,S11,AC,7,KALLIASSERI,185592,145585,78.44,1,M Vijin,CPI(M),,88252,60.62,1,0,M,31,GEN
AcGenApr2021,S11,AC,7,KALLIASSERI,185592,145585,78.44,2,Adv. Brijesh Kumar,INC,,43859,30.13,0,0,M,42,GEN
AcGenApr2021,S11,AC,7,KALLIASSERI,185592,145585,78.44,3,Arun Kaithapram,BJP,,11365,7.81,0,0,M,27,GEN
AcGenApr2021,S11,AC,7,KALLIASSERI,185592,145585,78.44,4,Faizal Madayi,WPOI,,1169,0.8,0,0,M,37,GEN
AcGenApr2021,S11,AC,7,KALLIASSERI,185592,145585,78.44,5,Brijeshkumar M. S/o Ambu,IND,,274,0.19,0,0,M,39,GEN
AcGenApr2021,S11,AC,7,KALLIASSERI,185592,145585,78.44,6,NOTA,NOTA,,666,0.46,0,1,,,
AcGenApr2021,S11,AC,8,TALIPARAMBA,214068,178112,83.2,1,M V Govindan Master,CPI(M),,92870,52.14,1,0,M,69,GEN
AcGenApr2021,S11,AC,8,TALIPARAMBA,214068,178112,83.2,2,Adv. V P Abdul Rasheed,INC,,70181,39.4,0,0,M,30,GEN
AcGenApr2021,S11,AC,8,TALIPARAMBA,214068,178112,83.2,3,A P Gangadharan,BJP,,13058,7.33,0,0,M,59,GEN
AcGenApr2021,S11,AC,8,TALIPARAMBA,214068,178112,83.2,4,Shijith K O P,IND,,508,0.29,0,0,M,42,GEN
AcGenApr2021,S11,AC,8,TALIPARAMBA,214068,178112,83.2,5,Abdul Rasheed S/o Ismail,IND,,365,0.2,0,0,M,64,GEN
AcGenApr2021,S11,AC,8,TALIPARAMBA,214068,178112,83.2,6,NOTA,NOTA,,789,0.44,0,1,,,
AcGenApr2021,S11,AC,9,IRIKKUR,195695,152516,77.94,1,Adv. Sajeev Joseph,INC,,76764,50.33,1,0,M,48,GEN
AcGenApr2021,S11,AC,9,IRIKKUR,195695,152516,77.94,2,Saji Kuttiyanimattam,KEC(M),,66754,43.77,0,0,M,52,GEN
AcGenApr2021,S11,AC,9,IRIKKUR,195695,152516,77.94,3,Aniamma Teacher,BJP,,7825,5.13,0,0,F,58,GEN
AcGenApr2021,S11,AC,9,IRIKKUR,195695,152516,77.94,4,Chacko Karimbil,IND,,311,0.2,0,0,M,56,GEN
AcGenApr2021,S11,AC,9,IRIKKUR,195695,152516,77.94,5,Sajan Kuttiyanikkal,IND,,275,0.18,0,0,M,41,GEN
AcGenApr2021,S11,AC,9,IRIKKUR,195695,152516,77.94,6,NOTA,NOTA,,459,0.3,0,1,,,
AcGenApr2021,S11,AC,10,AZHIKODE,181838,144897,79.68,1,K V Sumesh,CPI(M),,65794,45.41,1,0,M,42,GEN
AcGenApr2021,S11,AC,10,AZHIKODE,181838,144897,79.68,2,K M Shaji,IUML,,59653,41.17,0,0,M,51,GEN
AcGenApr2021,S11,AC,10,AZHIKODE,181838,144897,79.68,3,K Ranjith,BJP,,15741,10.86,0,0,M,52,GEN
AcGenApr2021,S11,AC,10,AZHIKODE,181838,144897,79.68,4,Abdul Jabbar K K,SDPI,,2357,1.63,0,0,M,48,GEN
AcGenApr2021,S11,AC,10,AZHIKODE,181838,144897,79.68,5,K M Shaji (mamba),IND,,277,0.19,0,0,M,47,GEN
AcGenApr2021,S11,AC,10,AZHIKODE,181838,144897,79.68,6,NOTA,NOTA,,517,0.36,0,1,,,
AcGenApr2021,S11,AC,11,KANNUR,174370,134089,76.9,1,Ramachandran Kadannappalli,C(S),,60313,44.98,1,0,M,76,GEN
AcGenApr2021,S11,AC,11,KANNUR,174370,134089,76.9,2,Satheeshan Pacheni,INC,,58568,43.68,0,0,M,53,GEN
AcGenApr2021,S11,AC,11,KANNUR,174370,134089,76.9,3,Archana Vandichal,BJP,,11581,8.64,0,0,F,46,GEN
AcGenApr2021,S11,AC,11,KANNUR,174370,134089,76.9,4,B Shamsudheen Moulavi,SDPI,,2069,1.54,0,0,M,45,GEN
AcGenApr2021,S11,AC,11,KANNUR,174370,134089,76.9,5,T K Ganesh Babu,NWLBRP,,716,0.53,0,0,M,65,GEN
AcGenApr2021,S11,AC,11,KANNUR,174370,134089,76.9,6,NOTA,NOTA,,504,0.38,0,1,,,
AcGenApr2021,S11,AC,12,DHARMADAM,193486,160247,82.82,1,Pinarayi Vijayan,CPI(M),,95522,59.61,1,0,M,77,GEN
AcGenApr2021,S11,AC,12,DHARMADAM,193486,160247,82.82,2,C. Raghunathan,INC,,45399,28.33,0,0,M,64,GEN
AcGenApr2021,S11,AC,12,DHARMADAM,193486,160247,82.82,3,C. K. Padmanabhan,BJP,,14623,9.13,0,0,M,72,GEN
AcGenApr2021,S11,AC,12,DHARMADAM,193486,160247,82.82,4,Basheer Kannadiparamba,SDPI,,2280,1.42,0,0,M,44,GEN
AcGenApr2021,S11,AC,12,DHARMADAM,193486,160247,82.82,5,Valayar Bhagyavathi,IND,,1753,1.09,0,0,F,40,GEN
AcGenApr2021,S11,AC,12,DHARMADAM,193486,160247,82.82,6,NOTA,NOTA,,400,0.25,0,1,,,
AcGenApr2021,S11,AC,13,THALASSERY,175439,132989,75.8,1,Adv. A. N. Shamseer,CPI(M),,81810,61.52,1,0,M,44,GEN
AcGenApr2021,S11,AC,13,THALASSERY,175439,132989,75.8,2,M. P. Aravindakshan,INC,,45009,33.84,0,0,M,59,GEN
AcGenApr2021,S11,AC,13,THALASSERY,175439,132989,75.8,3,Shamseer Ibrahim,WPOI,,1963,1.48,0,0,M,35,GEN
AcGenApr2021,S11,AC,13,THALASSERY,175439,132989,75.8,4,C. O. T. Naseer,IND,,1163,0.87,0,0,M,39,GEN
AcGenApr2021,S11,AC,13,THALASSERY,175439,132989,75.8,5,Aravindhakshan S/o Kausu,IND,,533,0.4,0,0,M,58,GEN
AcGenApr2021,S11,AC,13,THALASSERY,175439,132989,75.8,6,NOTA,NOTA,,2313,1.74,0,1,,,
AcGenApr2021,S11,AC,14,KUTHUPARAMBA,194344,155709,80.12,1,K.p. Mohanan,LJD,,70626,45.36,1,0,M,70,GEN
AcGenApr2021,S11,AC,14,KUTHUPARAMBA,194344,155709,80.12,2,Pottankandi Abdulla,IUML,,61085,39.23,0,0,M,69,GEN
AcGenApr2021,S11,AC,14,KUTHUPARAMBA,194344,155709,80.12,3,C. Sadanandan Master,BJP,,21212,13.62,0,0,M,57,GEN
AcGenApr2021,S11,AC,14,KUTHUPARAMBA,194344,155709,80.12,4,Mohanan Kunhiparambath Meethal,IND,,1360,0.87,0,0,M,52,GEN
AcGenApr2021,S11,AC,14,KUTHUPARAMBA,194344,155709,80.12,5,Mohanan K.p. Kaithavecha Parambath,IND,,543,0.35,0,0,M,56,GEN
AcGenApr2021,S11,AC,14,KUTHUPARAMBA,194344,155709,80.12,6,NOTA,NOTA,,494,0.32,0,1,,,
AcGenApr2021,S11,AC,15,MATTANNUR,190139,155134,81.59,1,K K Shailaja Teacher,CPI(M),,96129,61.97,1,0,F,64,GEN
AcGenApr2021,S11,AC,15,MATTANNUR,190139,155134,81.59,2,Illikkal Augusthy,RSP,,35166,22.67,0,0,M,66,GEN
AcGenApr2021,S11,AC,15,MATTANNUR,190139,155134,81.59,3,Biju Elakkuzhi,BJP,,18223,11.75,0,0,M,41,GEN
AcGenApr2021,S11,AC,15,MATTANNUR,190139,155134,81.59,4,Rafeek Keechery,SDPI,,4201,2.71,0,0,M,44,GEN
AcGenApr2021,S11,AC,15,MATTANNUR,190139,155134,81.59,5,Agusthy N A,IND,,619,0.4,0,0,M,51,GEN
AcGenApr2021,S11,AC,15,MATTANNUR,190139,155134,81.59,6,NOTA,NOTA,,796,0.51,0,1,,,
AcGenApr2021,S11,AC,16,PERAVOOR,178302,142138,79.72,1,Adv. Sunny Joseph,INC,,66706,46.93,1,0,M,68,GEN
AcGenApr2021,S11,AC,16,PERAVOOR,178302,142138,79.72,2,K V Sakkeer Hussain,CPI(M),,63534,44.7,0,0,M,38,GEN
AcGenApr2021,S11,AC,16,PERAVOOR,178302,142138,79.72,3,Smitha Jayamohan,BJP,,9155,6.44,0,0,F,47,GEN
AcGenApr2021,S11,AC,16,PERAVOOR,178302,142138,79.72,4,A C Jalaluddeen,SDPI,,1541,1.08,0,0,M,58,GEN
AcGenApr2021,S11,AC,16,PERAVOOR,178302,142138,79.72,5,Sakkeer Hussain S/o Hamsa,IND,,243,0.17,0,0,M,40,GEN
AcGenApr2021,S11,AC,16,PERAVOOR,178302,142138,79.72,6,NOTA,NOTA,,404,0.28,0,1,,,
AcGenApr2021,S11,AC,17,MANANTHAVADY (ST),195326,152581,78.12,1,O.r.kelu,CPI(M),,72536,47.54,1,0,M,51,ST
AcGenApr2021,S11,AC,17,MANANTHAVADY (ST),195326,152581,78.12,2,P.k.jayalakshmi,INC,,63254,41.46,0,0,F,40,ST
AcGenApr2021,S11,AC,17,MANANTHAVADY (ST),195326,152581,78.12,3,Palliyara Mukundan,BJP,,13142,8.61,0,0,M,47,ST
AcGenApr2021,S11,AC,17,MANANTHAVADY (ST),195326,152581,78.12,4,Babitha Sreenu,SDPI,,1992,1.31,0,0,F,33,ST
AcGenApr2021,S11,AC,17,MANANTHAVADY (ST),195326,152581,78.12,5,Lakshmi,IND,,382,0.25,0,0,F,53,ST
AcGenApr2021,S11,AC,17,MANANTHAVADY (ST),195326,152581,78.12,6,NOTA,NOTA,,797,0.52,0,1,,,
AcGenApr2021,S11,AC,18,SULTHANBATHERY (ST),220642,167432,75.88,1,I.c Balakrishnan,INC,,81077,48.42,1,0,M,45,ST
AcGenApr2021,S11,AC,18,SULTHANBATHERY (ST),220642,167432,75.88,2,M.s Viswanathan,CPI(M),,69255,41.36,0,0,M,49,ST
AcGenApr2021,S11,AC,18,SULTHANBATHERY (ST),220642,167432,75.88,3,C.k Janu,BJP,,15198,9.08,0,0,F,50,ST
AcGenApr2021,S11,AC,18,SULTHANBATHERY (ST),220642,167432,75.88,4,Ondan Paniyan,IND,,742,0.44,0,0,M,86,ST
AcGenApr2021,S11,AC,18,SULTHANBATHERY (ST),220642,167432,75.88,5,NOTA,NOTA,,1160,0.69,0,1,,,
AcGenApr2021,S11,AC,19,KALPETTA,201192,152209,75.65,1,Adv.t Siddiqu,INC,,70252,46.15,1,0,M,46,GEN
AcGenApr2021,S11,AC,19,KALPETTA,201192,152209,75.65,2,M.v.shreyamskumar,LJD,,64782,42.56,0,0,M,53,GEN
AcGenApr2021,S11,AC,19,KALPETTA,201192,152209,75.65,3,Subeesh T M,BJP,,14113,9.27,0,0,M,42,GEN
AcGenApr2021,S11,AC,19,KALPETTA,201192,152209,75.65,4,Aswin Bhimnath,BSP,,928,0.61,0,0,M,25,SC
AcGenApr2021,S11,AC,19,KALPETTA,201192,152209,75.65,5,T.sidique S/o Abdulla,IND,,641,0.42,0,0,M,44,GEN
AcGenApr2021,S11,AC,19,KALPETTA,201192,152209,75.65,6,NOTA,NOTA,,828,0.54,0,1,,,
AcGenApr2021,S11,AC,20,VADAKARA,167694,136673,81.5,1,K.k.rema,RMPOI,,65093,47.63,1,0,F,50,GEN
AcGenApr2021,S11,AC,20,VADAKARA,167694,136673,81.5,2,Manayath Chandran,LJD,,57602,42.15,0,0,M,65,GEN
AcGenApr2021,S11,AC,20,VADAKARA,167694,136673,81.5,3,Advocate M. Rajesh Kumar,BJP,,10225,7.48,0,0,M,49,GEN
AcGenApr2021,S11,AC,20,VADAKARA,167694,136673,81.5,4,Musthafa Paleri,SDPI,,2836,2.08,0,0,M,42,GEN
AcGenApr2021,S11,AC,20,VADAKARA,167694,136673,81.5,5,Gangadharan Madappally,IND,,186,0.14,0,0,M,65,GEN
AcGenApr2021,S11,AC,20,VADAKARA,167694,136673,81.5,6,NOTA,NOTA,,353,0.26,0,1,,,
AcGenApr2021,S11,AC,21,KUTTIADI,202518,169779,83.83,1,K P Kunhammed Kutti Master,CPI(M),,80143,47.2,1,0,M,69,GEN
AcGenApr2021,S11,AC,21,KUTTIADI,202518,169779,83.83,2,Parakkal Abdulla,IUML,,79810,47.01,0,0,M,61,GEN
AcGenApr2021,S11,AC,21,KUTTIADI,202518,169779,83.83,3,P P Murali Master,BJP,,9139,5.38,0,0,M,51,GEN
AcGenApr2021,S11,AC,21,KUTTIADI,202518,169779,83.83,4,Suresh Babu M K,IND,,128,0.08,0,0,M,60,GEN
AcGenApr2021,S11,AC,21,KUTTIADI,202518,169779,83.83,5,V P Pratheesh,IND,,108,0.06,0,0,M,37,GEN
AcGenApr2021,S11,AC,21,KUTTIADI,202518,169779,83.83,6,NOTA,NOTA,,296,0.17,0,1,,,
AcGenApr2021,S11,AC,22,NADAPURAM,216491,175503,81.07,1,E. K. Vijayan,CPI,,83293,47.46,1,0,M,68,GEN
AcGenApr2021,S11,AC,22,NADAPURAM,216491,175503,81.07,2,Adv. K. Praveen Kumar,INC,,79257,45.16,0,0,M,51,GEN
AcGenApr2021,S11,AC,22,NADAPURAM,216491,175503,81.07,3,M. P. Rajan,BJP,,10538,6.0,0,0,M,60,GEN
AcGenApr2021,S11,AC,22,NADAPURAM,216491,175503,81.07,4,K. K. Nasar Master,SDPI,,1676,0.95,0,0,M,45,GEN
AcGenApr2021,S11,AC,22,NADAPURAM,216491,175503,81.07,5,T.praveen Kumar S/o Kannan,IND,,258,0.15,0,0,M,47,GEN
AcGenApr2021,S11,AC,22,NADAPURAM,216491,175503,81.07,6,NOTA,NOTA,,316,0.18,0,1,,,
AcGenApr2021,S11,AC,23,QUILANDY,206652,162084,78.43,1,Kanathil Jameela,CPI(M),,75628,46.66,1,0,F,54,GEN
AcGenApr2021,S11,AC,23,QUILANDY,206652,162084,78.43,2,N. Subramaniyan,INC,,67156,41.43,0,0,M,63,GEN
AcGenApr2021,S11,AC,23,QUILANDY,206652,162084,78.43,3,N.p. Radhakrishnan,BJP,,17555,10.83,0,0,M,62,GEN
AcGenApr2021,S11,AC,23,QUILANDY,206652,162084,78.43,4,Jameela. P.p.,IND,,651,0.4,0,0,F,48,GEN
AcGenApr2021,S11,AC,23,QUILANDY,206652,162084,78.43,5,Subrahmanyan Kanaran,IND,,381,0.24,0,0,M,43,GEN
AcGenApr2021,S11,AC,23,QUILANDY,206652,162084,78.43,6,NOTA,NOTA,,492,0.3,0,1,,,
AcGenApr2021,S11,AC,24,PERAMBRA,198218,163737,82.6,1,T.p. Ramakrishnan,CPI(M),,86023,52.54,1,0,M,71,GEN
AcGenApr2021,S11,AC,24,PERAMBRA,198218,163737,82.6,2,C H Ebrahimkutty S/o Kunjammed,IND,,63431,38.74,0,0,M,56,GEN
AcGenApr2021,S11,AC,24,PERAMBRA,198218,163737,82.6,3,Adv. K V Sudheer,BJP,,11165,6.82,0,0,M,47,GEN
AcGenApr2021,S11,AC,24,PERAMBRA,198218,163737,82.6,4,Ismail Kammana,SDPI,,1465,0.89,0,0,M,50,GEN
AcGenApr2021,S11,AC,24,PERAMBRA,198218,163737,82.6,5,Ibrahimkutty M S/o Pokker,IND,,915,0.56,0,0,M,76,GEN
AcGenApr2021,S11,AC,24,PERAMBRA,198218,163737,82.6,6,NOTA,NOTA,,458,0.28,0,1,,,
AcGenApr2021,S11,AC,25,BALUSSERI (SC),225249,181954,80.78,1,Adv. K.m. Sachindev,CPI(M),,91839,50.47,1,0,M,27,SC
AcGenApr2021,S11,AC,25,BALUSSERI (SC),225249,181954,80.78,2,Dharmajan Bolgatty,INC,,71467,39.28,0,0,M,45,SC
AcGenApr2021,S11,AC,25,BALUSSERI (SC),225249,181954,80.78,3,Libin Balussery,BJP,,16490,9.06,0,0,M,29,SC
AcGenApr2021,S11,AC,25,BALUSSERI (SC),225249,181954,80.78,4,Chandrika,WPOI,,889,0.49,0,0,F,47,SC
AcGenApr2021,S11,AC,25,BALUSSERI (SC),225249,181954,80.78,5,Jobish Balussery,BSP,,476,0.26,0,0,M,32,SC
AcGenApr2021,S11,AC,25,BALUSSERI (SC),225249,181954,80.78,6,NOTA,NOTA,,431,0.24,0,1,,,
AcGenApr2021,S11,AC,26,ELATHUR,204036,164350,80.55,1,A .k Saseendran,NCP,,83639,50.89,1,0,M,75,GEN
AcGenApr2021,S11,AC,26,ELATHUR,204036,164350,80.55,2,Zulphikar Mayoori,IND,,45137,27.46,0,0,M,53,GEN
AcGenApr2021,S11,AC,26,ELATHUR,204036,164350,80.55,3,T P Jayachandran Master,BJP,,32010,19.48,0,0,M,59,GEN
AcGenApr2021,S11,AC,26,ELATHUR,204036,164350,80.55,4,Tahir Mokkandi,WPOI,,2000,1.22,0,0,M,52,GEN
AcGenApr2021,S11,AC,26,ELATHUR,204036,164350,80.55,5,Radhakrishnan P K,IND,,580,0.35,0,0,M,40,GEN
AcGenApr2021,S11,AC,26,ELATHUR,204036,164350,80.55,6,NOTA,NOTA,,984,0.6,0,1,,,
AcGenApr2021,S11,AC,27,KOZHIKODE NORTH,181191,137562,75.92,1,Thottathil Ravindran,CPI(M),,59124,42.98,1,0,M,73,GEN
AcGenApr2021,S11,AC,27,KOZHIKODE NORTH,181191,137562,75.92,2,K M Abhijith,INC,,46196,33.58,0,0,M,26,GEN
AcGenApr2021,S11,AC,27,KOZHIKODE NORTH,181191,137562,75.92,3,M T Ramesh,BJP,,30952,22.5,0,0,M,50,GEN
AcGenApr2021,S11,AC,27,KOZHIKODE NORTH,181191,137562,75.92,4,N Abhijith,IND,,328,0.24,0,0,M,26,GEN
AcGenApr2021,S11,AC,27,KOZHIKODE NORTH,181191,137562,75.92,5,K Rahim,SUCI,,156,0.11,0,0,M,31,GEN
AcGenApr2021,S11,AC,27,KOZHIKODE NORTH,181191,137562,75.92,6,NOTA,NOTA,,516,0.38,0,1,,,
AcGenApr2021,S11,AC,28,KOZHIKODE SOUTH,157765,119054,75.46,1,Ahammad Devarkovil,INL,,52557,44.15,1,0,M,61,GEN
AcGenApr2021,S11,AC,28,KOZHIKODE SOUTH,157765,119054,75.46,2,Adv. Noorbeena Rasheed,IUML,,40098,33.68,0,0,F,58,GEN
AcGenApr2021,S11,AC,28,KOZHIKODE SOUTH,157765,119054,75.46,3,Navya Haridas,BJP,,24873,20.89,0,0,F,36,GEN
AcGenApr2021,S11,AC,28,KOZHIKODE SOUTH,157765,119054,75.46,4,Adv. Mubeena,IND,,513,0.43,0,0,F,34,GEN
AcGenApr2021,S11,AC,28,KOZHIKODE SOUTH,157765,119054,75.46,5,P. Hareendranath,DSJP,,410,0.34,0,0,M,51,GEN
AcGenApr2021,S11,AC,28,KOZHIKODE SOUTH,157765,119054,75.46,6,NOTA,NOTA,,603,0.51,0,1,,,
AcGenApr2021,S11,AC,29,BEYPORE,208219,165210,79.34,1,Adv. P. A Mohamed Riyas,CPI(M),,82165,49.73,1,0,M,45,GEN
AcGenApr2021,S11,AC,29,BEYPORE,208219,165210,79.34,2,Adv. P. M Niyas,INC,,53418,32.33,0,0,M,55,GEN
AcGenApr2021,S11,AC,29,BEYPORE,208219,165210,79.34,3,Adv. Prakashbabu,BJP,,26267,15.9,0,0,M,41,GEN
AcGenApr2021,S11,AC,29,BEYPORE,208219,165210,79.34,4,Jamal Chaliyam,SDPI,,2029,1.23,0,0,M,41,GEN
AcGenApr2021,S11,AC,29,BEYPORE,208219,165210,79.34,5,Abdul Gafoor K. K,BSP,,272,0.16,0,0,M,48,GEN
AcGenApr2021,S11,AC,29,BEYPORE,208219,165210,79.34,6,NOTA,NOTA,,621,0.38,0,1,,,
AcGenApr2021,S11,AC,30,KUNNAMANGALAM,232409,193822,83.4,1,Adv. P. T. A Rahim,IND,,85138,43.93,1,0,M,72,GEN
AcGenApr2021,S11,AC,30,KUNNAMANGALAM,232409,193822,83.4,2,Dinesh Perumanna,IND,,74862,38.62,0,0,M,52,GEN
AcGenApr2021,S11,AC,30,KUNNAMANGALAM,232409,193822,83.4,3,Adv: V.k. Sajeevan,BJP,,27672,14.28,0,0,M,44,GEN
AcGenApr2021,S11,AC,30,KUNNAMANGALAM,232409,193822,83.4,4,Abdul Vahid,SDPI,,1299,0.67,0,0,M,53,GEN
AcGenApr2021,S11,AC,30,KUNNAMANGALAM,232409,193822,83.4,5,E. P. Anwar Sadath,WPOI,,1057,0.55,0,0,M,46,GEN
AcGenApr2021,S11,AC,30,KUNNAMANGALAM,232409,193822,83.4,6,NOTA,NOTA,,864,0.45,0,1,,,
AcGenApr2021,S11,AC,31,KODUVALLY,183551,151154,82.35,1,Dr. M.k Muneer,IUML,,72336,47.86,1,0,M,58,GEN
AcGenApr2021,S11,AC,31,KODUVALLY,183551,151154,82.35,2,Karat Razack,IND,,65992,43.66,0,0,M,55,GEN
AcGenApr2021,S11,AC,31,KODUVALLY,183551,151154,82.35,3,T Balasoman,BJP,,9498,6.28,0,0,M,52,GEN
AcGenApr2021,S11,AC,31,KODUVALLY,183551,151154,82.35,4,Musthafa Kommeri,SDPI,,1769,1.17,0,0,M,39,GEN
AcGenApr2021,S11,AC,31,KODUVALLY,183551,151154,82.35,5,Abdul Razak K S/o Ahmad Kutty,IND,,381,0.25,0,0,M,63,GEN
AcGenApr2021,S11,AC,31,KODUVALLY,183551,151154,82.35,6,NOTA,NOTA,,269,0.18,0,1,,,
AcGenApr2021,S11,AC,32,THIRUVAMBADY,180570,143009,79.2,1,Linto Joseph,CPI(M),,67867,47.46,1,0,M,28,GEN
AcGenApr2021,S11,AC,32,THIRUVAMBADY,180570,143009,79.2,2,C. P. Cheriya Muhammed,IUML,,63224,44.21,0,0,M,56,GEN
AcGenApr2021,S11,AC,32,THIRUVAMBADY,180570,143009,79.2,3,Baby Ambattu,BJP,,7794,5.45,0,0,M,66,GEN
AcGenApr2021,S11,AC,32,THIRUVAMBADY,180570,143009,79.2,4,Sunny. V. Joseph,IND,,1847,1.29,0,0,M,61,GEN
AcGenApr2021,S11,AC,32,THIRUVAMBADY,180570,143009,79.2,5,K. P. Cheriya Muhammed S/o Kunhoyi,IND,,1121,0.78,0,0,M,70,GEN
AcGenApr2021,S11,AC,32,THIRUVAMBADY,180570,143009,79.2,6,NOTA,NOTA,,419,0.29,0,1,,,
AcGenApr2021,S11,AC,33,KONDOTTY,205411,164145,79.91,1,T V Ibrahim,IUML,,82759,50.42,1,0,M,55,GEN
AcGenApr2021,S11,AC,33,KONDOTTY,205411,164145,79.91,2,Kattuparuthy Sulaiman Haji,IND,,65093,39.66,0,0,M,56,GEN
AcGenApr2021,S11,AC,33,KONDOTTY,205411,164145,79.91,3,Sheeba Unnikrishnan,BJP,,11114,6.77,0,0,F,42,GEN
AcGenApr2021,S11,AC,33,KONDOTTY,205411,164145,79.91,4,Razak Paleri,WPOI,,2579,1.57,0,0,M,45,GEN
AcGenApr2021,S11,AC,33,KONDOTTY,205411,164145,79.91,5,Sivadasan T,BSP,,908,0.55,0,0,M,43,SC
AcGenApr2021,S11,AC,33,KONDOTTY,205411,164145,79.91,6,NOTA,NOTA,,554,0.34,0,1,,,
AcGenApr2021,S11,AC,34,ERANAD,179951,143272,79.62,1,P.k. Basheer,IUML,,78076,54.49,1,0,M,61,GEN
AcGenApr2021,S11,AC,34,ERANAD,179951,143272,79.62,2,K.t. Abdurahiman,IND,,55530,38.76,0,0,M,60,GEN
AcGenApr2021,S11,AC,34,ERANAD,179951,143272,79.62,3,Adv. C. Dinesh,BJP,,6683,4.66,0,0,M,45,GEN
AcGenApr2021,S11,AC,34,ERANAD,179951,143272,79.62,4,Velayudhan,BSP,,1247,0.87,0,0,M,62,SC
AcGenApr2021,S11,AC,34,ERANAD,179951,143272,79.62,5,Adv. Sebastian,IND,,1100,0.77,0,0,M,63,GEN
AcGenApr2021,S11,AC,34,ERANAD,179951,143272,79.62,6,NOTA,NOTA,,636,0.44,0,1,,,
AcGenApr2021,S11,AC,35,NILAMBUR,226115,173205,76.6,1,P.v. Anvar,IND,,81227,46.9,1,0,M,53,GEN
AcGenApr2021,S11,AC,35,NILAMBUR,226115,173205,76.6,2,Adv: V.v. Prakash,INC,,78527,45.34,0,0,M,57,GEN
AcGenApr2021,S11,AC,35,NILAMBUR,226115,173205,76.6,3,Adv. T. K Ashokkumar,BJP,,8595,4.96,0,0,M,42,GEN
AcGenApr2021,S11,AC,35,NILAMBUR,226115,173205,76.6,4,K. Babu Mani,SDPI,,3281,1.89,0,0,M,54,GEN
AcGenApr2021,S11,AC,35,NILAMBUR,226115,173205,76.6,5,Sajadurahman.c.p,IND,,559,0.32,0,0,M,31,GEN
AcGenApr2021,S11,AC,35,NILAMBUR,226115,173205,76.6,6,NOTA,NOTA,,507,0.29,0,1,,,
AcGenApr2021,S11,AC,36,WANDOOR (SC),226658,169931,74.97,1,A P Anilkumar,INC,,87415,51.44,1,0,M,56,SC
AcGenApr2021,S11,AC,36,WANDOOR (SC),226658,169931,74.97,2,Midhuna P,CPI(M),,71852,42.28,0,0,F,28,SC
AcGenApr2021,S11,AC,36,WANDOOR (SC),226658,169931,74.97,3,Dr. P C Vijayan,BJP,,7057,4.15,0,0,M,63,SC
AcGenApr2021,S11,AC,36,WANDOOR (SC),226658,169931,74.97,4,Krishnan C,WPOI,,2943,1.73,0,0,M,58,SC
AcGenApr2021,S11,AC,36,WANDOOR (SC),226658,169931,74.97,5,NOTA,NOTA,,664,0.39,0,1,,,
AcGenApr2021,S11,AC,37,MANJERI,207051,156992,75.82,1,Adv. U.a. Latheef,IUML,,78836,50.22,1,0,M,71,GEN
AcGenApr2021,S11,AC,37,MANJERI,207051,156992,75.82,2,Nazar Debona,CPI,,64263,40.93,0,0,M,60,GEN
AcGenApr2021,S11,AC,37,MANJERI,207051,156992,75.82,3,P.r. Rasmil Nath,BJP,,11350,7.23,0,0,M,42,GEN
AcGenApr2021,S11,AC,37,MANJERI,207051,156992,75.82,4,Palathingal Aboobacker,IND,,1341,0.85,0,0,M,42,GEN
AcGenApr2021,S11,AC,37,MANJERI,207051,156992,75.82,5,NOTA,NOTA,,1202,0.77,0,1,,,
AcGenApr2021,S11,AC,38,PERINTHALMANNA,218090,165616,75.94,1,Najeeb Kanthapuram,IUML,,76530,46.21,1,0,M,45,GEN
AcGenApr2021,S11,AC,38,PERINTHALMANNA,218090,165616,75.94,2,K P M Musthafa S/o Muhammedali Haji,IND,,76492,46.19,0,0,M,53,GEN
AcGenApr2021,S11,AC,38,PERINTHALMANNA,218090,165616,75.94,3,Suchithra,BJP,,8021,4.84,0,0,F,41,GEN
AcGenApr2021,S11,AC,38,PERINTHALMANNA,218090,165616,75.94,4,Adv Abdul Afsal P T,IND,,906,0.55,0,0,M,53,GEN
AcGenApr2021,S11,AC,38,PERINTHALMANNA,218090,165616,75.94,5,Najeeb Kutteeri,IND,,828,0.5,0,0,M,45,GEN
AcGenApr2021,S11,AC,38,PERINTHALMANNA,218090,165616,75.94,6,NOTA,NOTA,,867,0.52,0,1,,,
AcGenApr2021,S11,AC,39,MANKADA,217930,168268,77.21,1,Manjalamkuzhi Ali,IUML,,83231,49.46,1,0,M,68,GEN
AcGenApr2021,S11,AC,39,MANKADA,217930,168268,77.21,2,Adv. T.k. Rasheedali,CPI(M),,76985,45.75,0,0,M,50,GEN
AcGenApr2021,S11,AC,39,MANKADA,217930,168268,77.21,3,Sajesh Elayil,BJP,,6641,3.95,0,0,M,29,GEN
AcGenApr2021,S11,AC,39,MANKADA,217930,168268,77.21,4,Ali S/o Musthafa,IND,,350,0.21,0,0,M,32,GEN
AcGenApr2021,S11,AC,39,MANKADA,217930,168268,77.21,5,Ali S/o Alavi Haji,IND,,193,0.11,0,0,M,59,GEN
AcGenApr2021,S11,AC,39,MANKADA,217930,168268,77.21,6,NOTA,NOTA,,599,0.36,0,1,,,
AcGenApr2021,S11,AC,40,MALAPPURAM,212076,161825,76.31,1,P. Ubaidulla,IUML,,93166,57.57,1,0,M,61,GEN
AcGenApr2021,S11,AC,40,MALAPPURAM,212076,161825,76.31,2,Paloli Abdurahiman,CPI(M),,57958,35.82,0,0,M,68,GEN
AcGenApr2021,S11,AC,40,MALAPPURAM,212076,161825,76.31,3,Areekkad Sethumadhavan,BJP,,5883,3.64,0,0,M,46,GEN
AcGenApr2021,S11,AC,40,MALAPPURAM,212076,161825,76.31,4,E.c. Ayisha,WPOI,,3194,1.97,0,0,F,60,GEN
AcGenApr2021,S11,AC,40,MALAPPURAM,212076,161825,76.31,5,Prasobh .t,BSP,,321,0.2,0,0,M,28,SC
AcGenApr2021,S11,AC,40,MALAPPURAM,212076,161825,76.31,6,NOTA,NOTA,,994,0.61,0,1,,,
AcGenApr2021,S11,AC,41,VENGARA,185377,131551,70.96,1,P.k Kunjhalikutty,IUML,,70381,53.5,1,0,M,69,GEN
AcGenApr2021,S11,AC,41,VENGARA,185377,131551,70.96,2,P. Jiji,CPI(M),,39785,30.24,0,0,F,31,GEN
AcGenApr2021,S11,AC,41,VENGARA,185377,131551,70.96,3,Sabah Kundupuzhakkal,IND,,11255,8.56,0,0,M,50,GEN
AcGenApr2021,S11,AC,41,VENGARA,185377,131551,70.96,4,Preman Master,BJP,,5968,4.54,0,0,M,57,GEN
AcGenApr2021,S11,AC,41,VENGARA,185377,131551,70.96,5,E.k. Kunhahamedkutty Master,WPOI,,2051,1.56,0,0,M,66,GEN
AcGenApr2021,S11,AC,41,VENGARA,185377,131551,70.96,6,NOTA,NOTA,,787,0.6,0,1,,,
AcGenApr2021,S11,AC,42,VALLIKKUNNU,198962,151414,76.1,1,Abdul Hameed Master,IUML,,71823,47.43,1,0,M,73,GEN
AcGenApr2021,S11,AC,42,VALLIKKUNNU,198962,151414,76.1,2,Prof. A.p. Abdul Vahab,INL,,57707,38.11,0,0,M,61,GEN
AcGenApr2021,S11,AC,42,VALLIKKUNNU,198962,151414,76.1,3,Peethambaran Palat,BJP,,19853,13.11,0,0,M,63,GEN
AcGenApr2021,S11,AC,42,VALLIKKUNNU,198962,151414,76.1,4,Sasi Kizhakkan,BSP,,881,0.58,0,0,M,49,SC
AcGenApr2021,S11,AC,42,VALLIKKUNNU,198962,151414,76.1,5,NOTA,NOTA,,1150,0.76,0,1,,,
AcGenApr2021,S11,AC,43,TIRURANGADI,197158,147771,74.95,1,K P A Majeed,IUML,,73499,49.74,1,0,M,71,GEN
AcGenApr2021,S11,AC,43,TIRURANGADI,197158,147771,74.95,2,Niyas Pulikkalakath,IND,,63921,43.26,0,0,M,48,GEN
AcGenApr2021,S11,AC,43,TIRURANGADI,197158,147771,74.95,3,Kalliyath Sathar Haji,BJP,,8314,5.63,0,0,M,68,GEN
AcGenApr2021,S11,AC,43,TIRURANGADI,197158,147771,74.95,4,Niyas,IND,,487,0.33,0,0,M,35,GEN
AcGenApr2021,S11,AC,43,TIRURANGADI,197158,147771,74.95,5,Abdul Majeed Panakkal,BSP,,303,0.21,0,0,M,56,GEN
AcGenApr2021,S11,AC,43,TIRURANGADI,197158,147771,74.95,6,NOTA,NOTA,,721,0.49,0,1,,,
AcGenApr2021,S11,AC,44,TANUR,196123,152570,77.79,1,V.abdurahiman,NSC,,70704,46.34,1,0,M,59,GEN
AcGenApr2021,S11,AC,44,TANUR,196123,152570,77.79,2,P.k.firos,IUML,,69719,45.7,0,0,M,41,GEN
AcGenApr2021,S11,AC,44,TANUR,196123,152570,77.79,3,K.narayanan Master,BJP,,10590,6.94,0,0,M,56,GEN
AcGenApr2021,S11,AC,44,TANUR,196123,152570,77.79,4,Firoz S/o Kunhumarakkar,IND,,247,0.16,0,0,M,50,GEN
AcGenApr2021,S11,AC,44,TANUR,196123,152570,77.79,5,V.abdurahiman S/o Kathiyamu,IND,,224,0.15,0,0,M,60,GEN
AcGenApr2021,S11,AC,44,TANUR,196123,152570,77.79,6,NOTA,NOTA,,336,0.22,0,1,,,
AcGenApr2021,S11,AC,45,TIRUR,229493,170742,74.4,1,Kurukkoli Moideen,IUML,,82314,48.21,1,0,M,61,GEN
AcGenApr2021,S11,AC,45,TIRUR,229493,170742,74.4,2,Adv. Gafoor P Lillis,CPI(M),,75100,43.98,0,0,M,51,GEN
AcGenApr2021,S11,AC,45,TIRUR,229493,170742,74.4,3,Dr. Abdul Salam M,BJP,,9097,5.33,0,0,M,68,GEN
AcGenApr2021,S11,AC,45,TIRUR,229493,170742,74.4,4,Ashraf,SDPI,,2712,1.59,0,0,M,49,GEN
AcGenApr2021,S11,AC,45,TIRUR,229493,170742,74.4,5,Moideen Meenthrathakath,IND,,477,0.28,0,0,M,63,GEN
AcGenApr2021,S11,AC,45,TIRUR,229493,170742,74.4,6,NOTA,NOTA,,417,0.24,0,1,,,
AcGenApr2021,S11,AC,46,KOTTAKKAL,216518,159933,73.87,1,Prof. Abid Hussain Thangal,IUML,,81700,51.08,1,0,M,60,GEN
AcGenApr2021,S11,AC,46,KOTTAKKAL,216518,159933,73.87,2,N. A. Muhammed Kutty (mammuty),NCP,,65112,40.71,0,0,M,61,GEN
AcGenApr2021,S11,AC,46,KOTTAKKAL,216518,159933,73.87,3,P. P. Ganesan,BJP,,10796,6.75,0,0,M,50,GEN
AcGenApr2021,S11,AC,46,KOTTAKKAL,216518,159933,73.87,4,Mohamed Kutty,IND,,675,0.42,0,0,M,55,GEN
AcGenApr2021,S11,AC,46,KOTTAKKAL,216518,159933,73.87,5,Bindhu Devarajan,IND,,481,0.3,0,0,F,53,GEN
AcGenApr2021,S11,AC,46,KOTTAKKAL,216518,159933,73.87,6,NOTA,NOTA,,668,0.42,0,1,,,
AcGenApr2021,S11,AC,47,THAVANUR,201183,151428,75.27,1,Dr.k.t.jaleel,IND,,70358,46.46,1,0,M,53,GEN
AcGenApr2021,S11,AC,47,THAVANUR,201183,151428,75.27,2,Firos Kunnamparambil,INC,,67794,44.77,0,0,M,36,GEN
AcGenApr2021,S11,AC,47,THAVANUR,201183,151428,75.27,3,Ramesh Kottayapurath,BDJS,,9914,6.55,0,0,M,49,GEN
AcGenApr2021,S11,AC,47,THAVANUR,201183,151428,75.27,4,Hassan Chiyanoor,SDPI,,1747,1.15,0,0,M,30,GEN
AcGenApr2021,S11,AC,47,THAVANUR,201183,151428,75.27,5,Jaleel S/o. Muhammad Kutty,IND,,308,0.2,0,0,M,34,GEN
AcGenApr2021,S11,AC,47,THAVANUR,201183,151428,75.27,6,NOTA,NOTA,,480,0.32,0,1,,,
AcGenApr2021,S11,AC,48,PONNANI,205353,145422,70.82,1,P Nandakumar,CPI(M),,74668,51.35,1,0,M,71,GEN
AcGenApr2021,S11,AC,48,PONNANI,205353,145422,70.82,2,Adv. A.m. Rohith,INC,,57625,39.63,0,0,M,35,GEN
AcGenApr2021,S11,AC,48,PONNANI,205353,145422,70.82,3,Subramannian Chunkappallii,BDJS,,7419,5.1,0,0,M,67,GEN
AcGenApr2021,S11,AC,48,PONNANI,205353,145422,70.82,4,Anvar Pazhanji,SDPI,,3065,2.11,0,0,M,48,GEN
AcGenApr2021,S11,AC,48,PONNANI,205353,145422,70.82,5,Ganesh Vaderi,WPOI,,1863,1.28,0,0,M,49,GEN
AcGenApr2021,S11,AC,48,PONNANI,205353,145422,70.82,6,NOTA,NOTA,,467,0.32,0,1,,,
AcGenApr2021,S11,AC,49,THRITHALA,194236,152311,78.42,1,M. B Rajesh,CPI(M),,69814,45.84,1,0,M,50,GEN
AcGenApr2021,S11,AC,49,THRITHALA,194236,152311,78.42,2,V .t Balram,INC,,66798,43.86,0,0,M,42,GEN
AcGenApr2021,S11,AC,49,THRITHALA,194236,152311,78.42,3,Adv:sanku T Das,BJP,,12851,8.44,0,0,M,31,SC
AcGenApr2021,S11,AC,49,THRITHALA,194236,152311,78.42,4,Abdul Nazar M K,SDPI,,1582,1.04,0,0,M,47,GEN
AcGenApr2021,S11,AC,49,THRITHALA,194236,152311,78.42,5,Rajagopal Thrithala,BSP,,333,0.22,0,0,M,61,SC
AcGenApr2021,S11,AC,49,THRITHALA,194236,152311,78.42,6,NOTA,NOTA,,427,0.28,0,1,,,
AcGenApr2021,S11,AC,50,PATTAMBI,194989,151909,77.91,1,Muhammed Muhassin,CPI,,75311,49.58,1,0,M,34,GEN
AcGenApr2021,S11,AC,50,PATTAMBI,194989,151909,77.91,2,Riyas Mukkoli,INC,,57337,37.74,0,0,M,37,GEN
AcGenApr2021,S11,AC,50,PATTAMBI,194989,151909,77.91,3,K.m.haridas,BJP,,14578,9.6,0,0,M,49,GEN
AcGenApr2021,S11,AC,50,PATTAMBI,194989,151909,77.91,4,Ameer Ali .s.p,SDPI,,2975,1.96,0,0,M,34,GEN
AcGenApr2021,S11,AC,50,PATTAMBI,194989,151909,77.91,5,S. Mujeeb Rehman,WPOI,,801,0.53,0,0,M,32,GEN
AcGenApr2021,S11,AC,50,PATTAMBI,194989,151909,77.91,6,NOTA,NOTA,,390,0.26,0,1,,,
AcGenApr2021,S11,AC,51,SHORNUR,194287,151911,78.19,1,P. Mammikutty,CPI(M),,74400,48.98,1,0,M,69,GEN
AcGenApr2021,S11,AC,51,SHORNUR,194287,151911,78.19,2,Firoz Babu.t.h,INC,,37726,24.83,0,0,M,34,GEN
AcGenApr2021,S11,AC,51,SHORNUR,194287,151911,78.19,3,Sandeep Varier,BJP,,36973,24.34,0,0,M,38,GEN
AcGenApr2021,S11,AC,51,SHORNUR,194287,151911,78.19,4,Muhammad Musthafa,SDPI,,1251,0.82,0,0,M,34,GEN
AcGenApr2021,S11,AC,51,SHORNUR,194287,151911,78.19,5,Ayyappan Kutty. T.c.,BSP,,883,0.58,0,0,M,41,SC
AcGenApr2021,S11,AC,51,SHORNUR,194287,151911,78.19,6,NOTA,NOTA,,678,0.45,0,1,,,
AcGenApr2021,S11,AC,52,OTTAPALAM,208304,161161,77.37,1,Adv. K. Premkumar,CPI(M),,74859,46.45,1,0,M,42,GEN
AcGenApr2021,S11,AC,52,OTTAPALAM,208304,161161,77.37,2,Doctor P. Sarin,INC,,59707,37.05,0,0,M,37,GEN
AcGenApr2021,S11,AC,52,OTTAPALAM,208304,161161,77.37,3,P. Venugopalan,BJP,,25056,15.55,0,0,M,51,GEN
AcGenApr2021,S11,AC,52,OTTAPALAM,208304,161161,77.37,4,P.p. Sivan,BSP,,672,0.42,0,0,M,53,SC
AcGenApr2021,S11,AC,52,OTTAPALAM,208304,161161,77.37,5,NOTA,NOTA,,867,0.54,0,1,,,
AcGenApr2021,S11,AC,53,KONGAD (SC),181747,138508,76.21,1,Santhakumari K,CPI(M),,67881,49.01,1,0,F,49,SC
AcGenApr2021,S11,AC,53,KONGAD (SC),181747,138508,76.21,2,U C Raman,IUML,,40662,29.36,0,0,M,55,SC
AcGenApr2021,S11,AC,53,KONGAD (SC),181747,138508,76.21,3,Suresh Babu M,BJP,,27661,19.97,0,0,M,36,SC
AcGenApr2021,S11,AC,53,KONGAD (SC),181747,138508,76.21,4,Guruvayoorappan P E,BSP,,1351,0.98,0,0,M,60,SC
AcGenApr2021,S11,AC,53,KONGAD (SC),181747,138508,76.21,5,NOTA,NOTA,,953,0.69,0,1,,,
AcGenApr2021,S11,AC,54,MANNARKAD,198421,152102,76.66,1,Advocate. N. Samsudheen,IUML,,71657,47.11,1,0,M,51,GEN
AcGenApr2021,S11,AC,54,MANNARKAD,198421,152102,76.66,2,K. P. Suresh Raj,CPI,,65787,43.25,0,0,M,50,GEN
AcGenApr2021,S11,AC,54,MANNARKAD,198421,152102,76.66,3,Agali Naseema P,ADMK,,10376,6.82,0,0,F,44,GEN
AcGenApr2021,S11,AC,54,MANNARKAD,198421,152102,76.66,4,James Mash,IND,,988,0.65,0,0,M,59,GEN
AcGenApr2021,S11,AC,54,MANNARKAD,198421,152102,76.66,5,Sivadasan,BSP,,827,0.54,0,0,M,43,SC
AcGenApr2021,S11,AC,54,MANNARKAD,198421,152102,76.66,6,NOTA,NOTA,,760,0.5,0,1,,,
AcGenApr2021,S11,AC,55,MALAMPUZHA,213746,163605,76.54,1,A. Prabhakaran,CPI(M),,75934,46.41,1,0,M,69,GEN
AcGenApr2021,S11,AC,55,MALAMPUZHA,213746,163605,76.54,2,Krishnakumar.c,BJP,,50200,30.68,0,0,M,50,GEN
AcGenApr2021,S11,AC,55,MALAMPUZHA,213746,163605,76.54,3,S. K. Ananthakrishnan,INC,,35444,21.66,0,0,M,58,GEN
AcGenApr2021,S11,AC,55,MALAMPUZHA,213746,163605,76.54,4,K.prasad,SUCI,,555,0.34,0,0,M,38,GEN
AcGenApr2021,S11,AC,55,MALAMPUZHA,213746,163605,76.54,5,Abdul Raheem. S,IND,,418,0.26,0,0,M,39,GEN
AcGenApr2021,S11,AC,55,MALAMPUZHA,213746,163605,76.54,6,NOTA,NOTA,,1054,0.64,0,1,,,
AcGenApr2021,S11,AC,56,PALAKKAD,188789,142104,75.27,1,Shafi Parambil,INC,,54079,38.06,1,0,M,38,GEN
AcGenApr2021,S11,AC,56,PALAKKAD,188789,142104,75.27,2,E. Sreedharan,BJP,,50220,35.34,0,0,M,88,GEN
AcGenApr2021,S11,AC,56,PALAKKAD,188789,142104,75.27,3,Adv. C.p. Promod,CPI(M),,36433,25.64,0,0,M,53,GEN
AcGenApr2021,S11,AC,56,PALAKKAD,188789,142104,75.27,4,E.t.k. Valsan,BSP,,359,0.25,0,0,M,56,SC
AcGenApr2021,S11,AC,56,PALAKKAD,188789,142104,75.27,5,Jayaprakash. J,SMFB,,221,0.16,0,0,M,50,GEN
AcGenApr2021,S11,AC,56,PALAKKAD,188789,142104,75.27,6,NOTA,NOTA,,528,0.37,0,1,,,
AcGenApr2021,S11,AC,57,TARUR (SC),170733,131347,76.93,1,P.p.sumod,CPI(M),,67744,51.58,1,0,M,37,SC
AcGenApr2021,S11,AC,57,TARUR (SC),170733,131347,76.93,2,K.a.sheeba,INC,,43213,32.9,0,0,F,38,SC
AcGenApr2021,S11,AC,57,TARUR (SC),170733,131347,76.93,3,Jayaprakasan K.p.,BJP,,18465,14.06,0,0,M,44,SC
AcGenApr2021,S11,AC,57,TARUR (SC),170733,131347,76.93,4,C.a.ushakumari,WPOI,,985,0.75,0,0,F,49,SC
AcGenApr2021,S11,AC,57,TARUR (SC),170733,131347,76.93,5,NOTA,NOTA,,940,0.72,0,1,,,
AcGenApr2021,S11,AC,58,CHITTUR,189510,152905,80.68,1,K. Krishnankutty,JD(S),,84672,55.38,1,0,M,76,GEN
AcGenApr2021,S11,AC,58,CHITTUR,189510,152905,80.68,2,Adv. Sumesh Achuthan,INC,,50794,33.22,0,0,M,45,GEN
AcGenApr2021,S11,AC,58,CHITTUR,189510,152905,80.68,3,V. Natesan,BJP,,14458,9.46,0,0,M,51,GEN
AcGenApr2021,S11,AC,58,CHITTUR,189510,152905,80.68,4,A. Chandran,BSP,,918,0.6,0,0,M,59,SC
AcGenApr2021,S11,AC,58,CHITTUR,189510,152905,80.68,5,Prameela. K,IND,,552,0.36,0,0,F,55,GEN
AcGenApr2021,S11,AC,58,CHITTUR,189510,152905,80.68,6,NOTA,NOTA,,1285,0.84,0,1,,,
AcGenApr2021,S11,AC,59,NENMARA,193075,151535,78.49,1,K. Babu,CPI(M),,80145,52.89,1,0,M,57,GEN
AcGenApr2021,S11,AC,59,NENMARA,193075,151535,78.49,2,C.n.vijayakrishnan,CMPKSC,,51441,33.95,0,0,M,61,GEN
AcGenApr2021,S11,AC,59,NENMARA,193075,151535,78.49,3,Anurag .a.n,BDJS,,16666,11.0,0,0,M,42,GEN
AcGenApr2021,S11,AC,59,NENMARA,193075,151535,78.49,4,Prakash.c,BSP,,1350,0.89,0,0,M,29,SC
AcGenApr2021,S11,AC,59,NENMARA,193075,151535,78.49,5,Babu S/o Kunchu,IND,,863,0.57,0,0,M,47,GEN
AcGenApr2021,S11,AC,59,NENMARA,193075,151535,78.49,6,NOTA,NOTA,,1070,0.71,0,1,,,
AcGenApr2021,S11,AC,60,ALATHUR,171419,135366,78.97,1,K.d.prasenan,CPI(M),,74653,55.15,1,0,M,55,GEN
AcGenApr2021,S11,AC,60,ALATHUR,171419,135366,78.97,2,Palayam Pradeep,INC,,40535,29.94,0,0,M,38,GEN
AcGenApr2021,S11,AC,60,ALATHUR,171419,135366,78.97,3,Prasanth Sivan,BJP,,18349,13.56,0,0,M,31,GEN
AcGenApr2021,S11,AC,60,ALATHUR,171419,135366,78.97,4,Chandran,BSP,,699,0.52,0,0,M,62,SC
AcGenApr2021,S11,AC,60,ALATHUR,171419,135366,78.97,5,Rajesh.m,IND,,347,0.26,0,0,M,35,GEN
AcGenApr2021,S11,AC,60,ALATHUR,171419,135366,78.97,6,NOTA,NOTA,,783,0.58,0,1,,,
AcGenApr2021,S11,AC,61,CHELAKKARA (SC),198392,153315,77.28,1,K Radhakrishnan,CPI(M),,83415,54.41,1,0,M,57,SC
AcGenApr2021,S11,AC,61,CHELAKKARA (SC),198392,153315,77.28,2,C C Sreekumar,INC,,44015,28.71,0,0,M,49,SC
AcGenApr2021,S11,AC,61,CHELAKKARA (SC),198392,153315,77.28,3,Shajumon Vattekkad,BJP,,24045,15.68,0,0,M,46,SC
AcGenApr2021,S11,AC,61,CHELAKKARA (SC),198392,153315,77.28,4,Chandran Thiyath,SDPI,,1120,0.73,0,0,M,50,SC
AcGenApr2021,S11,AC,61,CHELAKKARA (SC),198392,153315,77.28,5,NOTA,NOTA,,720,0.47,0,1,,,
AcGenApr2021,S11,AC,62,KUNNAMKULAM,198378,154831,78.05,1,A.c.moideen,CPI(M),,75532,48.78,1,0,M,64,GEN
AcGenApr2021,S11,AC,62,KUNNAMKULAM,198378,154831,78.05,2,K.jayasankar,INC,,48901,31.58,0,0,M,47,GEN
AcGenApr2021,S11,AC,62,KUNNAMKULAM,198378,154831,78.05,3,Adv. K.k.aneeshkumar,BJP,,27833,17.98,0,0,M,42,GEN
AcGenApr2021,S11,AC,62,KUNNAMKULAM,198378,154831,78.05,4,V.s.aboobacker,SDPI,,1241,0.8,0,0,M,45,GEN
AcGenApr2021,S11,AC,62,KUNNAMKULAM,198378,154831,78.05,5,Moideen.k.m S/o Muhammed,IND,,380,0.25,0,0,M,67,GEN
AcGenApr2021,S11,AC,62,KUNNAMKULAM,198378,154831,78.05,6,NOTA,NOTA,,559,0.36,0,1,,,
AcGenApr2021,S11,AC,63,GURUVAYOOR,211447,146759,69.41,1,N.k.akbar,CPI(M),,77072,52.52,1,0,M,51,GEN
AcGenApr2021,S11,AC,63,GURUVAYOOR,211447,146759,69.41,2,Adv.k N A Khader,IUML,,58804,40.07,0,0,M,71,GEN
AcGenApr2021,S11,AC,63,GURUVAYOOR,211447,146759,69.41,3,Dileep Nair,DSJP,,6294,4.29,0,0,M,53,GEN
AcGenApr2021,S11,AC,63,GURUVAYOOR,211447,146759,69.41,4,Asharaf Vadakkoot,SDPI,,2889,1.97,0,0,M,50,GEN
AcGenApr2021,S11,AC,63,GURUVAYOOR,211447,146759,69.41,5,Antony,IND,,392,0.27,0,0,M,56,GEN
AcGenApr2021,S11,AC,63,GURUVAYOOR,211447,146759,69.41,6,NOTA,NOTA,,1007,0.69,0,1,,,
AcGenApr2021,S11,AC,64,MANALUR,222706,167502,75.21,1,Murali Perunelly,CPI(M),,78337,46.77,1,0,M,70,GEN
AcGenApr2021,S11,AC,64,MANALUR,222706,167502,75.21,2,Vijay Hari,INC,,48461,28.93,0,0,M,45,GEN
AcGenApr2021,S11,AC,64,MANALUR,222706,167502,75.21,3,A.n. Radhakrishnan,BJP,,36566,21.83,0,0,M,61,GEN
AcGenApr2021,S11,AC,64,MANALUR,222706,167502,75.21,4,P.faisal Ibrahim,SDPI,,2294,1.37,0,0,M,37,GEN
AcGenApr2021,S11,AC,64,MANALUR,222706,167502,75.21,5,Devarajan Mookola,IND,,660,0.39,0,0,M,66,GEN
AcGenApr2021,S11,AC,64,MANALUR,222706,167502,75.21,6,NOTA,NOTA,,712,0.43,0,1,,,
AcGenApr2021,S11,AC,65,WADAKKANCHERY,218083,169861,77.89,1,Xavier Chittilappilly,CPI(M),,81026,47.7,1,0,M,49,GEN
AcGenApr2021,S11,AC,65,WADAKKANCHERY,218083,169861,77.89,2,Anil Akkara,INC,,65858,38.77,0,0,M,48,GEN
AcGenApr2021,S11,AC,65,WADAKKANCHERY,218083,169861,77.89,3,T.s Ullas Babu,BJP,,21747,12.8,0,0,M,39,GEN
AcGenApr2021,S11,AC,65,WADAKKANCHERY,218083,169861,77.89,4,Haji Aboobaker Kundukadan,IND,,388,0.23,0,0,M,71,GEN
AcGenApr2021,S11,AC,65,WADAKKANCHERY,218083,169861,77.89,5,NOTA,NOTA,,842,0.5,0,1,,,
AcGenApr2021,S11,AC,66,OLLUR,208075,156171,75.06,1,K Rajan,CPI,,76657,49.09,1,0,M,47,GEN
AcGenApr2021,S11,AC,66,OLLUR,208075,156171,75.06,2,Jose Valloor,INC,,55151,35.31,0,0,M,56,GEN
AcGenApr2021,S11,AC,66,OLLUR,208075,156171,75.06,3,Adv. B Gopalakrishnan,BJP,,22295,14.28,0,0,M,59,GEN
AcGenApr2021,S11,AC,66,OLLUR,208075,156171,75.06,4,K K George Kakkassery,IND,,628,0.4,0,0,M,48,GEN
AcGenApr2021,S11,AC,66,OLLUR,208075,156171,75.06,5,Benny Kodiyatil,IND,,331,0.21,0,0,M,49,GEN
AcGenApr2021,S11,AC,66,OLLUR,208075,156171,75.06,6,NOTA,NOTA,,827,0.53,0,1,,,
AcGenApr2021,S11,AC,67,THRISSUR,182823,129237,70.69,1,P Balachandran,CPI,,44263,34.25,1,0,M,57,GEN
AcGenApr2021,S11,AC,67,THRISSUR,182823,129237,70.69,2,Padmaja Venugopal,INC,,43317,33.52,0,0,F,60,GEN
AcGenApr2021,S11,AC,67,THRISSUR,182823,129237,70.69,3,Suresh Gopi,BJP,,40457,31.3,0,0,M,62,GEN
AcGenApr2021,S11,AC,67,THRISSUR,182823,129237,70.69,4,Ajith Menon Ponnemkattil,IND,,252,0.19,0,0,M,52,GEN
AcGenApr2021,S11,AC,67,THRISSUR,182823,129237,70.69,5,Thrissur Mukundan,igp,,225,0.17,0,0,M,75,GEN
AcGenApr2021,S11,AC,67,THRISSUR,182823,129237,70.69,6,NOTA,NOTA,,723,0.56,0,1,,,
AcGenApr2021,S11,AC,68,NATTIKA (SC),210708,153554,72.88,1,C C Mukundhan,CPI,,72930,47.49,1,0,M,62,SC
AcGenApr2021,S11,AC,68,NATTIKA (SC),210708,153554,72.88,2,Adv. Sunil Laloor,INC,,44499,28.98,0,0,M,40,SC
AcGenApr2021,S11,AC,68,NATTIKA (SC),210708,153554,72.88,3,Lojanan Ambatt,BJP,,33716,21.96,0,0,M,39,SC
AcGenApr2021,S11,AC,68,NATTIKA (SC),210708,153554,72.88,4,C S Jitheshkumar,IND,,617,0.4,0,0,M,37,SC
AcGenApr2021,S11,AC,68,NATTIKA (SC),210708,153554,72.88,5,Sivarathnan Alathi,IND,,595,0.39,0,0,M,56,SC
AcGenApr2021,S11,AC,68,NATTIKA (SC),210708,153554,72.88,6,NOTA,NOTA,,830,0.54,0,1,,,
AcGenApr2021,S11,AC,69,KAIPAMANGALAM,174025,136083,78.2,1,E T Taison Master,CPI,,73161,53.76,1,0,M,56,GEN
AcGenApr2021,S11,AC,69,KAIPAMANGALAM,174025,136083,78.2,2,Sobha Subin,INC,,50463,37.08,0,0,M,35,GEN
AcGenApr2021,S11,AC,69,KAIPAMANGALAM,174025,136083,78.2,3,C D Sreelal,BDJS,,9066,6.66,0,0,M,53,GEN
AcGenApr2021,S11,AC,69,KAIPAMANGALAM,174025,136083,78.2,4,M K Aslam,WPOI,,1671,1.23,0,0,M,53,GEN
AcGenApr2021,S11,AC,69,KAIPAMANGALAM,174025,136083,78.2,5,M K Shameer,SDPI,,814,0.6,0,0,M,49,GEN
AcGenApr2021,S11,AC,69,KAIPAMANGALAM,174025,136083,78.2,6,NOTA,NOTA,,466,0.34,0,1,,,
AcGenApr2021,S11,AC,70,IRINJALAKKUDA,201978,155179,76.83,1,Prof. R Bindu,CPI(M),,62493,40.27,1,0,F,53,GEN
AcGenApr2021,S11,AC,70,IRINJALAKKUDA,201978,155179,76.83,2,Adv. Thomas Unniyadan,KEC,,56544,36.44,0,0,M,62,GEN
AcGenApr2021,S11,AC,70,IRINJALAKKUDA,201978,155179,76.83,3,Dr. Jacob Thomas,BJP,,34329,22.12,0,0,M,60,GEN
AcGenApr2021,S11,AC,70,IRINJALAKKUDA,201978,155179,76.83,4,Vaxerin Pereppadan,IND,,536,0.35,0,0,M,38,GEN
AcGenApr2021,S11,AC,70,IRINJALAKKUDA,201978,155179,76.83,5,Joshy Eluvathingal,IND,,305,0.2,0,0,M,47,GEN
AcGenApr2021,S11,AC,70,IRINJALAKKUDA,201978,155179,76.83,6,NOTA,NOTA,,590,0.38,0,1,,,
AcGenApr2021,S11,AC,71,PUTHUKKAD,201192,156283,77.68,1,K.k. Ramachandran,CPI(M),,73365,46.94,1,0,M,53,GEN
AcGenApr2021,S11,AC,71,PUTHUKKAD,201192,156283,77.68,2,Sunil Anthikkad (sunilkumar. P.v),INC,,46012,29.44,0,0,M,54,GEN
AcGenApr2021,S11,AC,71,PUTHUKKAD,201192,156283,77.68,3,A. Nagesh (parameswaran.a),BJP,,34893,22.33,0,0,M,52,GEN
AcGenApr2021,S11,AC,71,PUTHUKKAD,201192,156283,77.68,4,Rajesh Appatt,CPIM,,489,0.31,0,0,M,51,GEN
AcGenApr2021,S11,AC,71,PUTHUKKAD,201192,156283,77.68,5,P.c. Pushpakaran,BSP,,455,0.29,0,0,M,53,SC
AcGenApr2021,S11,AC,71,PUTHUKKAD,201192,156283,77.68,6,NOTA,NOTA,,1069,0.68,0,1,,,
AcGenApr2021,S11,AC,72,CHALAKKUDY,192929,143154,74.2,1,Saneeshkumar Joseph,INC,,61888,43.23,1,0,M,42,GEN
AcGenApr2021,S11,AC,72,CHALAKKUDY,192929,143154,74.2,2,Dennies K Antony,KEC(M),,60831,42.49,0,0,M,49,GEN
AcGenApr2021,S11,AC,72,CHALAKKUDY,192929,143154,74.2,3,Unnikrishnan K.a,BDJS,,17301,12.09,0,0,M,53,GEN
AcGenApr2021,S11,AC,72,CHALAKKUDY,192929,143154,74.2,4,T N Rajan,IND,,713,0.5,0,0,M,64,GEN
AcGenApr2021,S11,AC,72,CHALAKKUDY,192929,143154,74.2,5,M S Asokan,BSP,,617,0.43,0,0,M,52,SC
AcGenApr2021,S11,AC,72,CHALAKKUDY,192929,143154,74.2,6,NOTA,NOTA,,1000,0.7,0,1,,,
AcGenApr2021,S11,AC,73,KODUNGALLUR,193042,148902,77.13,1,Adv. V. R. Sunilkumar,CPI,,71457,47.99,1,0,M,52,GEN
AcGenApr2021,S11,AC,73,KODUNGALLUR,193042,148902,77.13,2,M. P. Jackson,INC,,47564,31.94,0,0,M,68,GEN
AcGenApr2021,S11,AC,73,KODUNGALLUR,193042,148902,77.13,3,Santhosh Cherakkulam,BJP,,28204,18.94,0,0,M,56,GEN
AcGenApr2021,S11,AC,73,KODUNGALLUR,193042,148902,77.13,4,Remya Mohanan,BSP,,366,0.25,0,0,F,35,SC
AcGenApr2021,S11,AC,73,KODUNGALLUR,193042,148902,77.13,5,O. M. Sreeja,SUCI,,270,0.18,0,0,F,36,GEN
AcGenApr2021,S11,AC,73,KODUNGALLUR,193042,148902,77.13,6,NOTA,NOTA,,870,0.58,0,1,,,
AcGenApr2021,S11,AC,74,PERUMBAVOOR,184654,144171,78.08,1,Adv Eldose P Kunnapillil,INC,,53484,37.1,1,0,M,42,GEN
AcGenApr2021,S11,AC,74,PERUMBAVOOR,184654,144171,78.08,2,Babu Joseph Perumbavoor,KEC(M),,50585,35.09,0,0,M,65,GEN
AcGenApr2021,S11,AC,74,PERUMBAVOOR,184654,144171,78.08,3,Chithra Sukumaran,TTPty,,20536,14.24,0,0,F,52,GEN
AcGenApr2021,S11,AC,74,PERUMBAVOOR,184654,144171,78.08,4,Adv.t P Sindhumol,BJP,,15135,10.5,0,0,F,44,GEN
AcGenApr2021,S11,AC,74,PERUMBAVOOR,184654,144171,78.08,5,Ajmal K Mujeeb,SDPI,,2494,1.73,0,0,M,44,GEN
AcGenApr2021,S11,AC,74,PERUMBAVOOR,184654,144171,78.08,6,NOTA,NOTA,,703,0.49,0,1,,,
AcGenApr2021,S11,AC,75,ANGAMALY,178015,137997,77.52,1,Roji M John,INC,,71562,51.86,1,0,M,38,GEN
AcGenApr2021,S11,AC,75,ANGAMALY,178015,137997,77.52,2,Adv. Jose Thettayil,JD(S),,55633,40.31,0,0,M,70,GEN
AcGenApr2021,S11,AC,75,ANGAMALY,178015,137997,77.52,3,Adv. K V Sabu,BJP,,8677,6.29,0,0,M,59,GEN
AcGenApr2021,S11,AC,75,ANGAMALY,178015,137997,77.52,4,Martin Paul,IND,,623,0.45,0,0,M,48,GEN
AcGenApr2021,S11,AC,75,ANGAMALY,178015,137997,77.52,5,Stalin Nikathithara,BSP,,326,0.24,0,0,M,51,SC
AcGenApr2021,S11,AC,75,ANGAMALY,178015,137997,77.52,6,NOTA,NOTA,,669,0.48,0,1,,,
AcGenApr2021,S11,AC,76,ALUVA,196577,150428,76.52,1,Anwar Sadath,INC,,73703,49.0,1,0,M,46,GEN
AcGenApr2021,S11,AC,76,ALUVA,196577,150428,76.52,2,Ar Shelna Nishad,IND,,54817,36.44,0,0,F,34,GEN
AcGenApr2021,S11,AC,76,ALUVA,196577,150428,76.52,3,M.n. Gopi,BJP,,15893,10.57,0,0,M,52,GEN
AcGenApr2021,S11,AC,76,ALUVA,196577,150428,76.52,4,V.a Rasheed,SDPI,,2224,1.48,0,0,M,45,GEN
AcGenApr2021,S11,AC,76,ALUVA,196577,150428,76.52,5,K.m. Shefrin,WPOI,,1713,1.14,0,0,M,33,GEN
AcGenApr2021,S11,AC,76,ALUVA,196577,150428,76.52,6,NOTA,NOTA,,939,0.62,0,1,,,
AcGenApr2021,S11,AC,77,KALAMASSERY,201781,155863,77.24,1,P. Rajeeve,CPI(M),,77141,49.49,1,0,M,53,GEN
AcGenApr2021,S11,AC,77,KALAMASSERY,201781,155863,77.24,2,Adv. V. E. Abdul Gafoor,IUML,,61805,39.65,0,0,M,44,GEN
AcGenApr2021,S11,AC,77,KALAMASSERY,201781,155863,77.24,3,P. S. Jayaraj,BDJS,,11179,7.17,0,0,M,56,GEN
AcGenApr2021,S11,AC,77,KALAMASSERY,201781,155863,77.24,4,V. M. Faisal,SDPI,,2385,1.53,0,0,M,42,GEN
AcGenApr2021,S11,AC,77,KALAMASSERY,201781,155863,77.24,5,P. S. Unnikrishnan,BSP,,857,0.55,0,0,M,38,SC
AcGenApr2021,S11,AC,77,KALAMASSERY,201781,155863,77.24,6,NOTA,NOTA,,1518,0.97,0,1,,,
AcGenApr2021,S11,AC,78,PARAVUR,201478,158594,78.72,1,V.d. Satheesan,INC,,82264,51.87,1,0,M,56,GEN
AcGenApr2021,S11,AC,78,PARAVUR,201478,158594,78.72,2,M.t. Nixon,CPI,,60963,38.44,0,0,M,60,GEN
AcGenApr2021,S11,AC,78,PARAVUR,201478,158594,78.72,3,A.b. Jayaprakash,BDJS,,12964,8.17,0,0,M,64,GEN
AcGenApr2021,S11,AC,78,PARAVUR,201478,158594,78.72,4,N.k.biju,BSP,,724,0.46,0,0,M,49,SC
AcGenApr2021,S11,AC,78,PARAVUR,201478,158594,78.72,5,Sathyanesan Ezhikkara,IND,,287,0.18,0,0,M,55,SC
AcGenApr2021,S11,AC,78,PARAVUR,201478,158594,78.72,6,NOTA,NOTA,,1113,0.7,0,1,,,
AcGenApr2021,S11,AC,79,VYPEN,172205,130596,75.84,1,K.n. Unnikrishnan,CPI(M),,53858,41.24,1,0,M,60,GEN
AcGenApr2021,S11,AC,79,VYPEN,172205,130596,75.84,2,Deepak Joy,INC,,45657,34.96,0,0,M,37,GEN
AcGenApr2021,S11,AC,79,VYPEN,172205,130596,75.84,3,Dr.job Chakalakal,TTPty,,16707,12.79,0,0,M,62,GEN
AcGenApr2021,S11,AC,79,VYPEN,172205,130596,75.84,4,Adv.k.s. Shaiju,BJP,,13540,10.37,0,0,M,44,GEN
AcGenApr2021,S11,AC,79,VYPEN,172205,130596,75.84,5,Dr.m.k. Mukundan,IND,,309,0.24,0,0,M,73,SC
AcGenApr2021,S11,AC,79,VYPEN,172205,130596,75.84,6,NOTA,NOTA,,525,0.4,0,1,,,
AcGenApr2021,S11,AC,80,KOCHI,181923,128703,70.75,1,K.j. Maxy,CPI(M),,54632,42.45,1,0,M,58,GEN
AcGenApr2021,S11,AC,80,KOCHI,181923,128703,70.75,2,Tony Chammany,INC,,40553,31.51,0,0,M,51,GEN
AcGenApr2021,S11,AC,80,KOCHI,181923,128703,70.75,3,Shiny Antony,TTPty,,19676,15.29,0,0,F,44,GEN
AcGenApr2021,S11,AC,80,KOCHI,181923,128703,70.75,4,C.g.rajagopal,BJP,,10991,8.54,0,0,M,47,GEN
AcGenApr2021,S11,AC,80,KOCHI,181923,128703,70.75,5,Nipun Cherian,IND,,2149,1.67,0,0,M,35,GEN
AcGenApr2021,S11,AC,80,KOCHI,181923,128703,70.75,6,NOTA,NOTA,,474,0.37,0,1,,,
AcGenApr2021,S11,AC,81,THRIPUNITHURA,211714,156307,73.83,1,K. Babu,INC,,65875,42.14,1,0,M,70,GEN
AcGenApr2021,S11,AC,81,THRIPUNITHURA,211714,156307,73.83,2,Adv. M. Swaraj,CPI(M),,64883,41.51,0,0,M,41,GEN
AcGenApr2021,S11,AC,81,THRIPUNITHURA,211714,156307,73.83,3,Dr. K. S. Radhakrishnan,BJP,,23756,15.2,0,0,M,66,GEN
AcGenApr2021,S11,AC,81,THRIPUNITHURA,211714,156307,73.83,4,Arun Babu. P. C.,SHS,,232,0.15,0,0,M,35,GEN
AcGenApr2021,S11,AC,81,THRIPUNITHURA,211714,156307,73.83,5,Rajesh Pairoad,IND,,201,0.13,0,0,M,44,GEN
AcGenApr2021,S11,AC,81,THRIPUNITHURA,211714,156307,73.83,6,NOTA,NOTA,,1099,0.7,0,1,,,
AcGenApr2021,S11,AC,82,ERANAKULAM,164641,110098,66.87,1,T. J. Vinod,INC,,45930,41.72,1,0,M,57,GEN
AcGenApr2021,S11,AC,82,ERANAKULAM,164641,110098,66.87,2,Shaji George Pranatha,IND,,34960,31.75,0,0,M,51,GEN
AcGenApr2021,S11,AC,82,ERANAKULAM,164641,110098,66.87,3,Padmaja S. Menon,BJP,,16043,14.57,0,0,F,58,GEN
AcGenApr2021,S11,AC,82,ERANAKULAM,164641,110098,66.87,4,Prof. Leslie Pallath,TTPty,,10634,9.66,0,0,M,69,GEN
AcGenApr2021,S11,AC,82,ERANAKULAM,164641,110098,66.87,5,Sujith C. Sukumaran,IND,,1042,0.95,0,0,M,42,GEN
AcGenApr2021,S11,AC,82,ERANAKULAM,164641,110098,66.87,6,NOTA,NOTA,,712,0.65,0,1,,,
AcGenApr2021,S11,AC,83,THRIKKAKARA,194113,136570,70.36,1,Adv.p.t.thomas,INC,,59839,43.82,1,0,M,70,GEN
AcGenApr2021,S11,AC,83,THRIKKAKARA,194113,136570,70.36,2,Dr.j.jacob,IND,,45510,33.32,0,0,M,47,GEN
AcGenApr2021,S11,AC,83,THRIKKAKARA,194113,136570,70.36,3,S Saji,BJP,,15483,11.34,0,0,M,50,GEN
AcGenApr2021,S11,AC,83,THRIKKAKARA,194113,136570,70.36,4,Dr.terry Thomas,TTPty,,13897,10.18,0,0,M,44,GEN
AcGenApr2021,S11,AC,83,THRIKKAKARA,194113,136570,70.36,5,P.m.shibu,BSP,,331,0.24,0,0,M,39,SC
AcGenApr2021,S11,AC,83,THRIKKAKARA,194113,136570,70.36,6,NOTA,NOTA,,695,0.51,0,1,,,
AcGenApr2021,S11,AC,84,KUNNATHUNAD (SC),187820,154920,82.48,1,Adv. P.v.sreenijin,CPI(M),,52351,33.79,1,0,M,45,SC
AcGenApr2021,S11,AC,84,KUNNATHUNAD (SC),187820,154920,82.48,2,V.p.sajeendran,INC,,49636,32.04,0,0,M,51,SC
AcGenApr2021,S11,AC,84,KUNNATHUNAD (SC),187820,154920,82.48,3,Dr. Sujith.p.surendran,TTPty,,42701,27.56,0,0,M,37,SC
AcGenApr2021,S11,AC,84,KUNNATHUNAD (SC),187820,154920,82.48,4,Renu Suresh,BJP,,7218,4.66,0,0,F,44,SC
AcGenApr2021,S11,AC,84,KUNNATHUNAD (SC),187820,154920,82.48,5,Krishnan Eranhikal,SDPI,,1294,0.84,0,0,M,48,SC
AcGenApr2021,S11,AC,84,KUNNATHUNAD (SC),187820,154920,82.48,6,NOTA,NOTA,,561,0.36,0,1,,,
AcGenApr2021,S11,AC,85,PIRAVOM,212068,158097,74.55,1,Anoop Jacob,KEC(J),,85056,53.8,1,0,M,43,GEN
AcGenApr2021,S11,AC,85,PIRAVOM,212068,158097,74.55,2,Dr. Sindhumol Jacob,KEC(M),,59692,37.76,0,0,F,49,GEN
AcGenApr2021,S11,AC,85,PIRAVOM,212068,158097,74.55,3,M Ashish,BJP,,11021,6.97,0,0,M,41,GEN
AcGenApr2021,S11,AC,85,PIRAVOM,212068,158097,74.55,4,Sindhumol C,IND,,563,0.36,0,0,F,46,GEN
AcGenApr2021,S11,AC,85,PIRAVOM,212068,158097,74.55,5,C N Mukundan,SUCI,,454,0.29,0,0,M,54,GEN
AcGenApr2021,S11,AC,85,PIRAVOM,212068,158097,74.55,6,NOTA,NOTA,,1109,0.7,0,1,,,
AcGenApr2021,S11,AC,86,MUVATTUPUZHA,191222,144354,75.49,1,Dr. Mathew Kuzhalnadan,INC,,64425,44.63,1,0,M,43,GEN
AcGenApr2021,S11,AC,86,MUVATTUPUZHA,191222,144354,75.49,2,Eldho Abraham,CPI,,58264,40.36,0,0,M,45,GEN
AcGenApr2021,S11,AC,86,MUVATTUPUZHA,191222,144354,75.49,3,Adv. C.n. Prakash,TTPty,,13535,9.38,0,0,M,42,GEN
AcGenApr2021,S11,AC,86,MUVATTUPUZHA,191222,144354,75.49,4,Jiji Joseph,BJP,,7527,5.21,0,0,M,47,GEN
AcGenApr2021,S11,AC,86,MUVATTUPUZHA,191222,144354,75.49,5,C. K. Thampi,SUCI,,176,0.12,0,0,M,53,SC
AcGenApr2021,S11,AC,86,MUVATTUPUZHA,191222,144354,75.49,6,NOTA,NOTA,,427,0.3,0,1,,,
AcGenApr2021,S11,AC,87,KOTHAMANGALAM,172763,136697,79.12,1,Antony John,CPI(M),,64234,46.99,1,0,M,38,GEN
AcGenApr2021,S11,AC,87,KOTHAMANGALAM,172763,136697,79.12,2,Shibu Thekkumpuram,KEC,,57629,42.16,0,0,M,55,GEN
AcGenApr2021,S11,AC,87,KOTHAMANGALAM,172763,136697,79.12,3,Dr. Joe Joseph,TTPty,,7978,5.84,0,0,M,52,GEN
AcGenApr2021,S11,AC,87,KOTHAMANGALAM,172763,136697,79.12,4,Shine K Krishnan,BDJS,,4638,3.39,0,0,M,47,GEN
AcGenApr2021,S11,AC,87,KOTHAMANGALAM,172763,136697,79.12,5,T.m. Moosa,SDPI,,1286,0.94,0,0,M,50,GEN
AcGenApr2021,S11,AC,87,KOTHAMANGALAM,172763,136697,79.12,6,NOTA,NOTA,,414,0.3,0,1,,,
AcGenApr2021,S11,AC,88,DEVIKULAM (SC),169400,115774,68.34,1,Adv. A. Raja,CPI(M),,59049,51.0,1,0,M,35,SC
AcGenApr2021,S11,AC,88,DEVIKULAM (SC),169400,115774,68.34,2,D. Kumar,INC,,51201,44.22,0,0,M,63,SC
AcGenApr2021,S11,AC,88,DEVIKULAM (SC),169400,115774,68.34,3,Ganesan. S,IND,,4717,4.07,0,0,M,49,SC
AcGenApr2021,S11,AC,88,DEVIKULAM (SC),169400,115774,68.34,4,NOTA,NOTA,,807,0.7,0,1,,,
AcGenApr2021,S11,AC,89,UDUMBANCHOLA,167644,125219,74.69,1,M. M. Mani,CPI(M),,77381,61.8,1,0,M,76,GEN
AcGenApr2021,S11,AC,89,UDUMBANCHOLA,167644,125219,74.69,2,Adv. E.m. Augusthy,INC,,39076,31.21,0,0,M,70,GEN
AcGenApr2021,S11,AC,89,UDUMBANCHOLA,167644,125219,74.69,3,Santhosh Madhavan,BDJS,,7208,5.76,0,0,M,45,GEN
AcGenApr2021,S11,AC,89,UDUMBANCHOLA,167644,125219,74.69,4,A C Biju,BSP,,867,0.69,0,0,M,35,GEN
AcGenApr2021,S11,AC,89,UDUMBANCHOLA,167644,125219,74.69,5,NOTA,NOTA,,687,0.55,0,1,,,
AcGenApr2021,S11,AC,90,THODUPUZHA,191364,138807,72.54,1,P J Joseph,KEC,,67495,48.63,1,0,M,79,GEN
AcGenApr2021,S11,AC,90,THODUPUZHA,191364,138807,72.54,2,Prof. K I Antony,KEC(M),,47236,34.03,0,0,M,72,GEN
AcGenApr2021,S11,AC,90,THODUPUZHA,191364,138807,72.54,3,Shyamraj P,BJP,,21263,15.32,0,0,M,33,ST
AcGenApr2021,S11,AC,90,THODUPUZHA,191364,138807,72.54,4,Leethesh P T,BSP,,934,0.67,0,0,M,33,SC
AcGenApr2021,S11,AC,90,THODUPUZHA,191364,138807,72.54,5,M T Thomas,IND,,562,0.4,0,0,M,65,GEN
AcGenApr2021,S11,AC,90,THODUPUZHA,191364,138807,72.54,6,NOTA,NOTA,,674,0.49,0,1,,,
AcGenApr2021,S11,AC,91,IDUKKI,186503,131351,70.43,1,Roshy Augustine,KEC(M),,62368,47.48,1,0,M,52,GEN
AcGenApr2021,S11,AC,91,IDUKKI,186503,131351,70.43,2,Adv. K Francis George,KEC,,56795,43.24,0,0,M,65,GEN
AcGenApr2021,S11,AC,91,IDUKKI,186503,131351,70.43,3,Adv. Sangeetha Viswanathan,BDJS,,9286,7.07,0,0,F,44,GEN
AcGenApr2021,S11,AC,91,IDUKKI,186503,131351,70.43,4,Babu Varghese Vattoli,BSP,,1106,0.84,0,0,M,53,GEN
AcGenApr2021,S11,AC,91,IDUKKI,186503,131351,70.43,5,Bijeesh Thomas,IND,,610,0.46,0,0,M,44,GEN
AcGenApr2021,S11,AC,91,IDUKKI,186503,131351,70.43,6,NOTA,NOTA,,677,0.52,0,1,,,
AcGenApr2021,S11,AC,92,PEERUMADE,174514,127291,72.94,1,Vazhoor Soman,CPI,,60141,47.25,1,0,M,68,GEN
AcGenApr2021,S11,AC,92,PEERUMADE,174514,127291,72.94,2,Adv.syriac Thomas,INC,,58306,45.81,0,0,M,56,GEN
AcGenApr2021,S11,AC,92,PEERUMADE,174514,127291,72.94,3,Sreenagari Rajan,BJP,,7126,5.6,0,0,M,62,GEN
AcGenApr2021,S11,AC,92,PEERUMADE,174514,127291,72.94,4,Biju Mattappally,BSP,,818,0.64,0,0,M,43,GEN
AcGenApr2021,S11,AC,92,PEERUMADE,174514,127291,72.94,5,P.k Gopalakrishnan,IND,,251,0.2,0,0,M,54,GEN
AcGenApr2021,S11,AC,92,PEERUMADE,174514,127291,72.94,6,NOTA,NOTA,,401,0.32,0,1,,,
AcGenApr2021,S11,AC,93,PALA,185008,138431,74.82,1,Mani C Kappen,IND,,69804,50.43,1,0,M,64,GEN
AcGenApr2021,S11,AC,93,PALA,185008,138431,74.82,2,Jose K. Mani,KEC(M),,54426,39.32,0,0,M,56,GEN
AcGenApr2021,S11,AC,93,PALA,185008,138431,74.82,3,Prameeladevi .j,BJP,,10869,7.85,0,0,F,60,GEN
AcGenApr2021,S11,AC,93,PALA,185008,138431,74.82,4,Mani C. Kuriakose,IND,,1098,0.79,0,0,M,63,GEN
AcGenApr2021,S11,AC,93,PALA,185008,138431,74.82,5,Santhosh Pulickal,IND,,444,0.32,0,0,M,34,GEN
AcGenApr2021,S11,AC,93,PALA,185008,138431,74.82,6,NOTA,NOTA,,604,0.44,0,1,,,
AcGenApr2021,S11,AC,94,KADUTHURUTHY,187910,131411,69.93,1,Adv. Mons Joseph,KEC,,59666,45.4,1,0,M,56,GEN
AcGenApr2021,S11,AC,94,KADUTHURUTHY,187910,131411,69.93,2,Stephen George,KEC(M),,55410,42.17,0,0,M,57,GEN
AcGenApr2021,S11,AC,94,KADUTHURUTHY,187910,131411,69.93,3,Ligin Lal,BJP,,11670,8.88,0,0,M,38,GEN
AcGenApr2021,S11,AC,94,KADUTHURUTHY,187910,131411,69.93,4,Vinod K Jose,IND,,2425,1.85,0,0,M,47,GEN
AcGenApr2021,S11,AC,94,KADUTHURUTHY,187910,131411,69.93,5,Adv. Anju Mathew,BSP,,1207,0.92,0,0,F,28,GEN
AcGenApr2021,S11,AC,94,KADUTHURUTHY,187910,131411,69.93,6,NOTA,NOTA,,731,0.56,0,1,,,
AcGenApr2021,S11,AC,95,VAIKOM (SC),164791,127576,77.42,1,C.k Asha,CPI,,71388,55.96,1,0,F,44,SC
AcGenApr2021,S11,AC,95,VAIKOM (SC),164791,127576,77.42,2,Dr.p.r Sona,INC,,42266,33.13,0,0,F,42,SC
AcGenApr2021,S11,AC,95,VAIKOM (SC),164791,127576,77.42,3,Ajitha Sabu,BDJS,,11953,9.37,0,0,F,49,SC
AcGenApr2021,S11,AC,95,VAIKOM (SC),164791,127576,77.42,4,Akhiljith Kallara,BSP,,726,0.57,0,0,M,30,SC
AcGenApr2021,S11,AC,95,VAIKOM (SC),164791,127576,77.42,5,Bindu,BHUDRP,,258,0.2,0,0,F,45,SC
AcGenApr2021,S11,AC,95,VAIKOM (SC),164791,127576,77.42,6,NOTA,NOTA,,670,0.53,0,1,,,
AcGenApr2021,S11,AC,96,ETTUMANOOR,168266,126167,74.98,1,V N Vasavan,CPI(M),,58289,46.2,1,0,M,66,GEN
AcGenApr2021,S11,AC,96,ETTUMANOOR,168266,126167,74.98,2,Adv. Prince Lukose,KEC,,43986,34.86,0,0,M,49,GEN
AcGenApr2021,S11,AC,96,ETTUMANOOR,168266,126167,74.98,3,T N Harikumar,BJP,,13746,10.9,0,0,M,46,GEN
AcGenApr2021,S11,AC,96,ETTUMANOOR,168266,126167,74.98,4,Lathika Subhash,IND,,7624,6.04,0,0,F,56,GEN
AcGenApr2021,S11,AC,96,ETTUMANOOR,168266,126167,74.98,5,Jijith K Joy,BSP,,1165,0.92,0,0,M,36,GEN
AcGenApr2021,S11,AC,96,ETTUMANOOR,168266,126167,74.98,6,NOTA,NOTA,,780,0.62,0,1,,,
AcGenApr2021,S11,AC,97,KOTTAYAM,165404,121738,73.6,1,Thiruvanchoor Radhakrishnan,INC,,65401,53.72,1,0,M,71,GEN
AcGenApr2021,S11,AC,97,KOTTAYAM,165404,121738,73.6,2,Adv.k.anilkumar,CPI(M),,46658,38.33,0,0,M,57,GEN
AcGenApr2021,S11,AC,97,KOTTAYAM,165404,121738,73.6,3,Minerva Mohan,BJP,,8611,7.07,0,0,F,63,GEN
AcGenApr2021,S11,AC,97,KOTTAYAM,165404,121738,73.6,4,Sreekumar Chakkala,BSP,,374,0.31,0,0,M,53,SC
AcGenApr2021,S11,AC,97,KOTTAYAM,165404,121738,73.6,5,M.k.shahazad,SUCI,,144,0.12,0,0,M,31,GEN
AcGenApr2021,S11,AC,97,KOTTAYAM,165404,121738,73.6,6,NOTA,NOTA,,473,0.39,0,1,,,
AcGenApr2021,S11,AC,98,PUTHUPPALLY,176103,131797,74.84,1,Oommen Chandy,INC,,63372,48.08,1,0,M,77,GEN
AcGenApr2021,S11,AC,98,PUTHUPPALLY,176103,131797,74.84,2,Jaick C Thomas,CPI(M),,54328,41.22,0,0,M,30,GEN
AcGenApr2021,S11,AC,98,PUTHUPPALLY,176103,131797,74.84,3,N Hari,BJP,,11694,8.87,0,0,M,43,GEN
AcGenApr2021,S11,AC,98,PUTHUPPALLY,176103,131797,74.84,4,George Joseph Vathappally,IND,,997,0.76,0,0,M,65,GEN
AcGenApr2021,S11,AC,98,PUTHUPPALLY,176103,131797,74.84,5,Abhilash P P,BSP,,763,0.58,0,0,M,36,GEN
AcGenApr2021,S11,AC,98,PUTHUPPALLY,176103,131797,74.84,6,NOTA,NOTA,,497,0.38,0,1,,,
AcGenApr2021,S11,AC,99,CHANGANASSERY,171743,123585,71.96,1,Adv. Job Maichil,KEC(M),,55425,44.85,1,0,M,55,GEN
AcGenApr2021,S11,AC,99,CHANGANASSERY,171743,123585,71.96,2,V. J. Laly,KEC,,49366,39.94,0,0,M,58,GEN
AcGenApr2021,S11,AC,99,CHANGANASSERY,171743,123585,71.96,3,Adv G Raman Nair,BJP,,14491,11.73,0,0,M,69,GEN
AcGenApr2021,S11,AC,99,CHANGANASSERY,171743,123585,71.96,4,Tijo Karikkandam,IND,,1094,0.89,0,0,M,35,GEN
AcGenApr2021,S11,AC,99,CHANGANASSERY,171743,123585,71.96,5,Amruth Dev T,BSP,,1079,0.87,0,0,M,27,SC
AcGenApr2021,S11,AC,99,CHANGANASSERY,171743,123585,71.96,6,NOTA,NOTA,,434,0.35,0,1,,,
AcGenApr2021,S11,AC,100,KANJIRAPPALLY,186904,137703,73.68,1,Dr.n.jayaraj,KEC(M),,60299,43.79,1,0,M,65,GEN
AcGenApr2021,S11,AC,100,KANJIRAPPALLY,186904,137703,73.68,2,Joseph Vazhackan,INC,,46596,33.84,0,0,M,64,GEN
AcGenApr2021,S11,AC,100,KANJIRAPPALLY,186904,137703,73.68,3,Alphons Kannanthanam,BJP,,29157,21.17,0,0,M,67,GEN
AcGenApr2021,S11,AC,100,KANJIRAPPALLY,186904,137703,73.68,4,Ashik M M,BSP,,727,0.53,0,0,M,30,GEN
AcGenApr2021,S11,AC,100,KANJIRAPPALLY,186904,137703,73.68,5,Mayamol K P,SUCI,,300,0.22,0,0,F,26,GEN
AcGenApr2021,S11,AC,100,KANJIRAPPALLY,186904,137703,73.68,6,NOTA,NOTA,,624,0.45,0,1,,,
AcGenApr2021,S11,AC,101,POONJAR,189258,139894,73.92,1,Adv. Sebastian Kulathunkal,KEC(M),,58668,41.94,1,0,M,55,GEN
AcGenApr2021,S11,AC,101,POONJAR,189258,139894,73.92,2,P.c.george Plathottam,KJPS,,41851,29.92,0,0,M,70,GEN
AcGenApr2021,S11,AC,101,POONJAR,189258,139894,73.92,3,Adv. Tomy Kallany,INC,,34633,24.76,0,0,M,62,GEN
AcGenApr2021,S11,AC,101,POONJAR,189258,139894,73.92,4,M. P. Sen,BDJS,,2965,2.12,0,0,M,56,GEN
AcGenApr2021,S11,AC,101,POONJAR,189258,139894,73.92,5,Ancy George,BSP,,596,0.43,0,0,F,52,GEN
AcGenApr2021,S11,AC,101,POONJAR,189258,139894,73.92,6,NOTA,NOTA,,345,0.25,0,1,,,
AcGenApr2021,S11,AC,102,AROOR,200211,164491,82.16,1,Daleema,CPI(M),,75617,45.97,1,0,F,55,GEN
AcGenApr2021,S11,AC,102,AROOR,200211,164491,82.16,2,Adv. Shanimol Osman,INC,,68604,41.71,0,0,F,54,GEN
AcGenApr2021,S11,AC,102,AROOR,200211,164491,82.16,3,Aniyappan,BDJS,,17479,10.63,0,0,M,49,GEN
AcGenApr2021,S11,AC,102,AROOR,200211,164491,82.16,4,Rugma Pradeep,BSP,,682,0.41,0,0,F,43,SC
AcGenApr2021,S11,AC,102,AROOR,200211,164491,82.16,5,Ambika K N (priyanka Anup),DSJP,,475,0.29,0,0,F,50,GEN
AcGenApr2021,S11,AC,102,AROOR,200211,164491,82.16,6,NOTA,NOTA,,846,0.51,0,1,,,
AcGenApr2021,S11,AC,103,CHERTHALA,213687,178097,83.34,1,P Prasad,CPI,,83702,47.0,1,0,M,51,GEN
AcGenApr2021,S11,AC,103,CHERTHALA,213687,178097,83.34,2,Adv.s Sarath,INC,,77554,43.55,0,0,M,37,GEN
AcGenApr2021,S11,AC,103,CHERTHALA,213687,178097,83.34,3,Adv.p S Jyothis,BDJS,,14562,8.18,0,0,M,54,GEN
AcGenApr2021,S11,AC,103,CHERTHALA,213687,178097,83.34,4,Vayalar Jayakumar,BSP,,613,0.34,0,0,M,56,GEN
AcGenApr2021,S11,AC,103,CHERTHALA,213687,178097,83.34,5,Sarath S Kannattuveli,IND,,501,0.28,0,0,M,31,GEN
AcGenApr2021,S11,AC,103,CHERTHALA,213687,178097,83.34,6,NOTA,NOTA,,602,0.34,0,1,,,
AcGenApr2021,S11,AC,104,ALAPPUZHA,202381,158446,78.29,1,P.p Chitharanjan,CPI(M),,73412,46.33,1,0,M,58,GEN
AcGenApr2021,S11,AC,104,ALAPPUZHA,202381,158446,78.29,2,Dr.k.s Manoj,INC,,61768,38.98,0,0,M,50,GEN
AcGenApr2021,S11,AC,104,ALAPPUZHA,202381,158446,78.29,3,Sandeep Vachaspati,BJP,,21650,13.66,0,0,M,41,GEN
AcGenApr2021,S11,AC,104,ALAPPUZHA,202381,158446,78.29,4,Subeendran K.c,BSP,,207,0.13,0,0,M,42,SC
AcGenApr2021,S11,AC,104,ALAPPUZHA,202381,158446,78.29,5,K.a Vinod,SUCI,,205,0.13,0,0,M,45,GEN
AcGenApr2021,S11,AC,104,ALAPPUZHA,202381,158446,78.29,6,NOTA,NOTA,,1089,0.69,0,1,,,
AcGenApr2021,S11,AC,105,AMBALAPUZHA,179148,137021,76.48,1,H.salam,CPI(M),,61365,44.79,1,0,M,48,GEN
AcGenApr2021,S11,AC,105,AMBALAPUZHA,179148,137021,76.48,2,Adv.m.liju,INC,,50240,36.67,0,0,M,41,GEN
AcGenApr2021,S11,AC,105,AMBALAPUZHA,179148,137021,76.48,3,Anoop Antony,BJP,,22389,16.34,0,0,M,36,GEN
AcGenApr2021,S11,AC,105,AMBALAPUZHA,179148,137021,76.48,4,M.m.thahir,SDPI,,1690,1.23,0,0,M,29,GEN
AcGenApr2021,S11,AC,105,AMBALAPUZHA,179148,137021,76.48,5,Subhadramma Thottappally,WPOI,,525,0.38,0,0,F,61,GEN
AcGenApr2021,S11,AC,105,AMBALAPUZHA,179148,137021,76.48,6,NOTA,NOTA,,591,0.43,0,1,,,
AcGenApr2021,S11,AC,106,KUTTANAD,168723,125636,74.46,1,Thomas K Thomas,NCP,,57379,45.67,1,0,M,63,GEN
AcGenApr2021,S11,AC,106,KUTTANAD,168723,125636,74.46,2,Adv. Jacob Abraham,KEC,,51863,41.28,0,0,M,64,GEN
AcGenApr2021,S11,AC,106,KUTTANAD,168723,125636,74.46,3,Thampi Mettuthara,BDJS,,14946,11.9,0,0,M,51,GEN
AcGenApr2021,S11,AC,106,KUTTANAD,168723,125636,74.46,4,Dr. Vinu,DSJP,,533,0.42,0,0,M,44,GEN
AcGenApr2021,S11,AC,106,KUTTANAD,168723,125636,74.46,5,Biju Xavier,SUCI,,392,0.31,0,0,M,44,GEN
AcGenApr2021,S11,AC,106,KUTTANAD,168723,125636,74.46,6,NOTA,NOTA,,523,0.42,0,1,,,
AcGenApr2021,S11,AC,107,HARIPAD,197598,150623,76.23,1,Ramesh Chennithala,INC,,72768,48.31,1,0,M,64,GEN
AcGenApr2021,S11,AC,107,HARIPAD,197598,150623,76.23,2,Adv. R. Sajilal,CPI,,59102,39.24,0,0,M,43,GEN
AcGenApr2021,S11,AC,107,HARIPAD,197598,150623,76.23,3,K. Soman,BJP,,17890,11.88,0,0,M,55,GEN
AcGenApr2021,S11,AC,107,HARIPAD,197598,150623,76.23,4,Madhu. T,SUCI,,204,0.14,0,0,M,49,SC
AcGenApr2021,S11,AC,107,HARIPAD,197598,150623,76.23,5,Adv. Niyaz Bharati,IND,,123,0.08,0,0,M,45,GEN
AcGenApr2021,S11,AC,107,HARIPAD,197598,150623,76.23,6,NOTA,NOTA,,536,0.36,0,1,,,
AcGenApr2021,S11,AC,108,KAYAMKULAM,214839,161257,75.06,1,Adv. U. Prathibha,CPI(M),,77348,47.97,1,0,F,43,GEN
AcGenApr2021,S11,AC,108,KAYAMKULAM,214839,161257,75.06,2,Aritha Babu,INC,,71050,44.06,0,0,F,26,GEN
AcGenApr2021,S11,AC,108,KAYAMKULAM,214839,161257,75.06,3,Pradeeplal,BDJS,,11413,7.08,0,0,M,57,GEN
AcGenApr2021,S11,AC,108,KAYAMKULAM,214839,161257,75.06,4,Maniyappan Achari,IND,,372,0.23,0,0,M,75,GEN
AcGenApr2021,S11,AC,108,KAYAMKULAM,214839,161257,75.06,5,Rajeev R,IND,,230,0.14,0,0,M,40,GEN
AcGenApr2021,S11,AC,108,KAYAMKULAM,214839,161257,75.06,6,NOTA,NOTA,,420,0.26,0,1,,,
AcGenApr2021,S11,AC,109,MAVELIKARA (SC),206012,150690,73.15,1,M S Arun Kumar,CPI(M),,71743,47.61,1,0,M,31,SC
AcGenApr2021,S11,AC,109,MAVELIKARA (SC),206012,150690,73.15,2,K K Shaju,INC,,47026,31.21,0,0,M,58,SC
AcGenApr2021,S11,AC,109,MAVELIKARA (SC),206012,150690,73.15,3,K Sanju,BJP,,30955,20.54,0,0,M,43,SC
AcGenApr2021,S11,AC,109,MAVELIKARA (SC),206012,150690,73.15,4,Suresh Nooranad,APoI,,165,0.11,0,0,M,40,SC
AcGenApr2021,S11,AC,109,MAVELIKARA (SC),206012,150690,73.15,5,K Sasikumar,SUCI,,151,0.1,0,0,M,59,SC
AcGenApr2021,S11,AC,109,MAVELIKARA (SC),206012,150690,73.15,6,NOTA,NOTA,,519,0.34,0,1,,,
AcGenApr2021,S11,AC,110,CHENGANNUR,208498,147171,70.59,1,Saji Cherian,CPI(M),,71502,48.58,1,0,M,55,GEN
AcGenApr2021,S11,AC,110,CHENGANNUR,208498,147171,70.59,2,M. Murali,INC,,39409,26.78,0,0,M,67,GEN
AcGenApr2021,S11,AC,110,CHENGANNUR,208498,147171,70.59,3,M. V. Gopakumar,BJP,,34620,23.52,0,0,M,48,GEN
AcGenApr2021,S11,AC,110,CHENGANNUR,208498,147171,70.59,4,Shaji T. George,BSP,,534,0.36,0,0,M,48,GEN
AcGenApr2021,S11,AC,110,CHENGANNUR,208498,147171,70.59,5,T. K. Gopinathan,SUCI,,316,0.21,0,0,M,63,SC
AcGenApr2021,S11,AC,110,CHENGANNUR,208498,147171,70.59,6,NOTA,NOTA,,493,0.33,0,1,,,
AcGenApr2021,S11,AC,111,THIRUVALLA,212288,139544,65.73,1,Adv. Mathew T Thomas,JD(S),,62178,44.56,1,0,M,59,GEN
AcGenApr2021,S11,AC,111,THIRUVALLA,212288,139544,65.73,2,Kunju Koshy Paul,KEC,,50757,36.37,0,0,M,61,GEN
AcGenApr2021,S11,AC,111,THIRUVALLA,212288,139544,65.73,3,Ashokan Kulanada,BJP,,22674,16.25,0,0,M,56,GEN
AcGenApr2021,S11,AC,111,THIRUVALLA,212288,139544,65.73,4,Adv. Thomas Mathew (roy),IND,,1461,1.05,0,0,M,69,GEN
AcGenApr2021,S11,AC,111,THIRUVALLA,212288,139544,65.73,5,Rajendradas,BSP,,1074,0.77,0,0,M,54,SC
AcGenApr2021,S11,AC,111,THIRUVALLA,212288,139544,65.73,6,NOTA,NOTA,,608,0.44,0,1,,,
AcGenApr2021,S11,AC,112,RANNI,194086,127777,65.84,1,Adv. Pramod Narayan,KEC(M),,52669,41.22,1,0,M,44,GEN
AcGenApr2021,S11,AC,112,RANNI,194086,127777,65.84,2,Rinku Cherian,INC,,51384,40.21,0,0,M,46,GEN
AcGenApr2021,S11,AC,112,RANNI,194086,127777,65.84,3,K. Padmakumar,BDJS,,19587,15.33,0,0,M,56,GEN
AcGenApr2021,S11,AC,112,RANNI,194086,127777,65.84,4,Adv. Anumol N.,BSP,,1159,0.91,0,0,F,34,GEN
AcGenApr2021,S11,AC,112,RANNI,194086,127777,65.84,5,Asharaf Pezhumkattil,SDPI,,886,0.69,0,0,M,51,GEN
AcGenApr2021,S11,AC,112,RANNI,194086,127777,65.84,6,NOTA,NOTA,,431,0.34,0,1,,,
AcGenApr2021,S11,AC,113,ARANMULA,238077,161866,67.99,1,Veena George,CPI(M),,74950,46.3,1,0,F,44,GEN
AcGenApr2021,S11,AC,113,ARANMULA,238077,161866,67.99,2,Adv. K. Sivadasan Nair,INC,,55947,34.56,0,0,M,72,GEN
AcGenApr2021,S11,AC,113,ARANMULA,238077,161866,67.99,3,Biju Mathew,BJP,,29099,17.98,0,0,M,46,GEN
AcGenApr2021,S11,AC,113,ARANMULA,238077,161866,67.99,4,Sivadasan Nair S/o Raghavan Nair,IND,,629,0.39,0,0,M,63,GEN
AcGenApr2021,S11,AC,113,ARANMULA,238077,161866,67.99,5,Omalloor Ramachandran,APoI,,236,0.15,0,0,M,53,SC
AcGenApr2021,S11,AC,113,ARANMULA,238077,161866,67.99,6,NOTA,NOTA,,575,0.36,0,1,,,
AcGenApr2021,S11,AC,114,KONNI,203737,149722,73.49,1,Adv. K.u Jenish Kumar,CPI(M),,62318,41.62,1,0,M,37,GEN
AcGenApr2021,S11,AC,114,KONNI,203737,149722,73.49,2,Robin Peter,INC,,53810,35.94,0,0,M,50,GEN
AcGenApr2021,S11,AC,114,KONNI,203737,149722,73.49,3,K. Surendran,BJP,,32811,21.91,0,0,M,51,GEN
AcGenApr2021,S11,AC,114,KONNI,203737,149722,73.49,4,Raghu P,ADHRMPI,,214,0.14,0,0,M,43,SC
AcGenApr2021,S11,AC,114,KONNI,203737,149722,73.49,5,Suku Balan,APoI,,122,0.08,0,0,M,52,SC
AcGenApr2021,S11,AC,114,KONNI,203737,149722,73.49,6,NOTA,NOTA,,372,0.25,0,1,,,
AcGenApr2021,S11,AC,115,ADOOR (SC),209397,155411,74.22,1,Chittayam Gopakumar,CPI,,66569,42.83,1,0,M,55,SC
AcGenApr2021,S11,AC,115,ADOOR (SC),209397,155411,74.22,2,M. G. Kannan,INC,,63650,40.96,0,0,M,38,SC
AcGenApr2021,S11,AC,115,ADOOR (SC),209397,155411,74.22,3,Adv. Pandalam Prathapan,BJP,,23980,15.43,0,0,M,56,SC
AcGenApr2021,S11,AC,115,ADOOR (SC),209397,155411,74.22,4,R. Kannan S/o Rajan,IND,,218,0.14,0,0,M,26,SC
AcGenApr2021,S11,AC,115,ADOOR (SC),209397,155411,74.22,5,Vipin Kanikonathu,BSP,,178,0.11,0,0,M,30,SC
AcGenApr2021,S11,AC,115,ADOOR (SC),209397,155411,74.22,6,NOTA,NOTA,,594,0.38,0,1,,,
AcGenApr2021,S11,AC,116,KARUNAGAPPALLY,215293,173284,80.49,1,C. R Mahesh,INC,,94225,54.38,1,0,M,42,GEN
AcGenApr2021,S11,AC,116,KARUNAGAPPALLY,215293,173284,80.49,2,R. Ramachandran,CPI,,65017,37.52,0,0,M,68,GEN
AcGenApr2021,S11,AC,116,KARUNAGAPPALLY,215293,173284,80.49,3,Bitty Sudheer,BJP,,12144,7.01,0,0,F,39,GEN
AcGenApr2021,S11,AC,116,KARUNAGAPPALLY,215293,173284,80.49,4,Adv. Sumayya Najeeb,SDPI,,1037,0.6,0,0,F,37,GEN
AcGenApr2021,S11,AC,116,KARUNAGAPPALLY,215293,173284,80.49,5,Bhargavan S,SUCI,,283,0.16,0,0,M,55,SC
AcGenApr2021,S11,AC,116,KARUNAGAPPALLY,215293,173284,80.49,6,NOTA,NOTA,,450,0.26,0,1,,,
AcGenApr2021,S11,AC,117,CHAVARA,182312,142880,78.37,1,Dr.sujith Vijayanpillai,IND,,63282,44.29,1,0,M,43,GEN
AcGenApr2021,S11,AC,117,CHAVARA,182312,142880,78.37,2,Shibu Baby John,RSP,,62186,43.52,0,0,M,57,GEN
AcGenApr2021,S11,AC,117,CHAVARA,182312,142880,78.37,3,Vivek Gopan,BJP,,14211,9.95,0,0,M,37,GEN
AcGenApr2021,S11,AC,117,CHAVARA,182312,142880,78.37,4,Johnson Kandachira,IND,,1223,0.86,0,0,M,46,GEN
AcGenApr2021,S11,AC,117,CHAVARA,182312,142880,78.37,5,Sujithmon,IND,,901,0.63,0,0,M,35,GEN
AcGenApr2021,S11,AC,117,CHAVARA,182312,142880,78.37,6,NOTA,NOTA,,701,0.49,0,1,,,
AcGenApr2021,S11,AC,118,KUNNATHUR (SC),207835,161038,77.48,1,Kovoor Kunjumon,IND,,69531,43.18,1,0,M,53,SC
AcGenApr2021,S11,AC,118,KUNNATHUR (SC),207835,161038,77.48,2,Ullas Kovoor,RSP,,66522,41.31,0,0,M,42,SC
AcGenApr2021,S11,AC,118,KUNNATHUR (SC),207835,161038,77.48,3,Rajiprasad,BJP,,21847,13.57,0,0,F,37,SC
AcGenApr2021,S11,AC,118,KUNNATHUR (SC),207835,161038,77.48,4,R.s. Anju,BSP,,947,0.59,0,0,F,27,SC
AcGenApr2021,S11,AC,118,KUNNATHUR (SC),207835,161038,77.48,5,Manthara Velayudhan,IND,,621,0.39,0,0,M,50,SC
AcGenApr2021,S11,AC,118,KUNNATHUR (SC),207835,161038,77.48,6,NOTA,NOTA,,919,0.57,0,1,,,
AcGenApr2021,S11,AC,119,KOTTARAKKARA,201909,149552,74.07,1,K N Balagopal,CPI(M),,68770,45.98,1,0,M,57,GEN
AcGenApr2021,S11,AC,119,KOTTARAKKARA,201909,149552,74.07,2,R Resmi,INC,,57956,38.75,0,0,F,44,GEN
AcGenApr2021,S11,AC,119,KOTTARAKKARA,201909,149552,74.07,3,Adv. Vayakkal Soman,BJP,,21223,14.19,0,0,M,46,GEN
AcGenApr2021,S11,AC,119,KOTTARAKKARA,201909,149552,74.07,4,Usha Kottarakkara,ADHRMPI,,460,0.31,0,0,F,48,SC
AcGenApr2021,S11,AC,119,KOTTARAKKARA,201909,149552,74.07,5,Mathews K Lukose,IND,,136,0.09,0,0,M,47,GEN
AcGenApr2021,S11,AC,119,KOTTARAKKARA,201909,149552,74.07,6,NOTA,NOTA,,574,0.38,0,1,,,
AcGenApr2021,S11,AC,120,PATHANAPURAM,185116,137036,74.03,1,K.b. Ganesh Kumar,KEC(B),,67276,49.09,1,0,M,54,GEN
AcGenApr2021,S11,AC,120,PATHANAPURAM,185116,137036,74.03,2,Jyothikumar Chamakkala,INC,,52940,38.63,0,0,M,48,GEN
AcGenApr2021,S11,AC,120,PATHANAPURAM,185116,137036,74.03,3,V.s. Jithin Dev,BJP,,12398,9.05,0,0,M,37,GEN
AcGenApr2021,S11,AC,120,PATHANAPURAM,185116,137036,74.03,4,P. Krishnammal,MCPI,,2091,1.53,0,0,F,71,GEN
AcGenApr2021,S11,AC,120,PATHANAPURAM,185116,137036,74.03,5,Adv. Faizy. M. Pasha,SDPI,,1192,0.87,0,0,M,35,GEN
AcGenApr2021,S11,AC,120,PATHANAPURAM,185116,137036,74.03,6,NOTA,NOTA,,474,0.35,0,1,,,
AcGenApr2021,S11,AC,121,PUNALUR,206496,146251,70.83,1,P S Supal,CPI,,80428,54.99,1,0,M,51,GEN
AcGenApr2021,S11,AC,121,PUNALUR,206496,146251,70.83,2,Abdurahiman Randathani,IUML,,43371,29.66,0,0,M,60,GEN
AcGenApr2021,S11,AC,121,PUNALUR,206496,146251,70.83,3,Ayoor Murali,BJP,,20069,13.72,0,0,M,60,GEN
AcGenApr2021,S11,AC,121,PUNALUR,206496,146251,70.83,4,Shibu M Skaria,IND,,617,0.42,0,0,M,48,GEN
AcGenApr2021,S11,AC,121,PUNALUR,206496,146251,70.83,5,K Mahesh,SUCI,,407,0.28,0,0,M,43,SC
AcGenApr2021,S11,AC,121,PUNALUR,206496,146251,70.83,6,NOTA,NOTA,,688,0.47,0,1,,,
AcGenApr2021,S11,AC,122,CHADAYAMANGALAM,201643,147177,72.99,1,J.chinchurani,CPI,,67252,45.69,1,0,F,58,GEN
AcGenApr2021,S11,AC,122,CHADAYAMANGALAM,201643,147177,72.99,2,M.m.naseer,INC,,53574,36.4,0,0,M,53,GEN
AcGenApr2021,S11,AC,122,CHADAYAMANGALAM,201643,147177,72.99,3,Vishnu Pattathanam,BJP,,22238,15.11,0,0,M,34,GEN
AcGenApr2021,S11,AC,122,CHADAYAMANGALAM,201643,147177,72.99,4,Sharafath Mallam,SDPI,,1879,1.28,0,0,M,40,GEN
AcGenApr2021,S11,AC,122,CHADAYAMANGALAM,201643,147177,72.99,5,Archana Prajith,WPOI,,605,0.41,0,0,F,33,SC
AcGenApr2021,S11,AC,122,CHADAYAMANGALAM,201643,147177,72.99,6,NOTA,NOTA,,685,0.47,0,1,,,
AcGenApr2021,S11,AC,123,KUNDARA,206767,156336,75.61,1,P.c.vishnunadh,INC,,76341,48.83,1,0,M,43,GEN
AcGenApr2021,S11,AC,123,KUNDARA,206767,156336,75.61,2,J.mercykutty Amma,CPI(M),,71887,45.98,0,0,F,65,GEN
AcGenApr2021,S11,AC,123,KUNDARA,206767,156336,75.61,3,Vanaja Vidyadharan,BDJS,,6097,3.9,0,0,F,49,GEN
AcGenApr2021,S11,AC,123,KUNDARA,206767,156336,75.61,4,R.rahul,SUCI,,459,0.29,0,0,M,28,SC
AcGenApr2021,S11,AC,123,KUNDARA,206767,156336,75.61,5,Santhosh Adooran,IND,,260,0.17,0,0,M,48,GEN
AcGenApr2021,S11,AC,123,KUNDARA,206767,156336,75.61,6,NOTA,NOTA,,709,0.45,0,1,,,
AcGenApr2021,S11,AC,124,KOLLAM,176553,130451,73.89,1,M Mukesh,CPI(M),,58524,44.86,1,0,M,64,GEN
AcGenApr2021,S11,AC,124,KOLLAM,176553,130451,73.89,2,Adv. Bindhu Krishna,INC,,56452,43.27,0,0,F,48,GEN
AcGenApr2021,S11,AC,124,KOLLAM,176553,130451,73.89,3,Sunil M,BJP,,14252,10.93,0,0,M,55,GEN
AcGenApr2021,S11,AC,124,KOLLAM,176553,130451,73.89,4,Remanan,BSP,,290,0.22,0,0,M,57,SC
AcGenApr2021,S11,AC,124,KOLLAM,176553,130451,73.89,5,Baby S,ADHRMPI,,183,0.14,0,0,F,50,SC
AcGenApr2021,S11,AC,124,KOLLAM,176553,130451,73.89,6,NOTA,NOTA,,750,0.57,0,1,,,
AcGenApr2021,S11,AC,125,ERAVIPURAM,176076,127241,72.26,1,M. Noushad,CPI(M),,71573,56.25,1,0,M,56,GEN
AcGenApr2021,S11,AC,125,ERAVIPURAM,176076,127241,72.26,2,Babudivakaran,RSP,,43452,34.15,0,0,M,68,GEN
AcGenApr2021,S11,AC,125,ERAVIPURAM,176076,127241,72.26,3,Renjith Ravindran,BDJS,,8468,6.66,0,0,M,41,GEN
AcGenApr2021,S11,AC,125,ERAVIPURAM,176076,127241,72.26,4,Ayathil Riyas,SDPI,,1444,1.13,0,0,M,38,GEN
AcGenApr2021,S11,AC,125,ERAVIPURAM,176076,127241,72.26,5,Mohanan Mayyanad,BSP,,543,0.43,0,0,M,41,SC
AcGenApr2021,S11,AC,125,ERAVIPURAM,176076,127241,72.26,6,NOTA,NOTA,,931,0.73,0,1,,,
AcGenApr2021,S11,AC,126,CHATHANNUR,185271,137503,74.22,1,G.s. Jayalal,CPI,,59296,43.12,1,0,M,48,GEN
AcGenApr2021,S11,AC,126,CHATHANNUR,185271,137503,74.22,2,B. B. Gopakumar,BJP,,42090,30.61,0,0,M,55,GEN
AcGenApr2021,S11,AC,126,CHATHANNUR,185271,137503,74.22,3,N. Peethambarakurup,INC,,34280,24.93,0,0,M,78,GEN
AcGenApr2021,S11,AC,126,CHATHANNUR,185271,137503,74.22,4,Shanmughan Paravur,ADHRMPI,,524,0.38,0,0,M,41,SC
AcGenApr2021,S11,AC,126,CHATHANNUR,185271,137503,74.22,5,Sunu Bhaskaran,BSP,,364,0.26,0,0,M,46,SC
AcGenApr2021,S11,AC,126,CHATHANNUR,185271,137503,74.22,6,NOTA,NOTA,,642,0.47,0,1,,,
AcGenApr2021,S11,AC,127,VARKALA,187948,135229,71.95,1,Adv. V Joy,CPI(M),,68816,50.89,1,0,M,55,GEN
AcGenApr2021,S11,AC,127,VARKALA,187948,135229,71.95,2,Adv. Brm Shafeer,INC,,50995,37.71,0,0,M,40,GEN
AcGenApr2021,S11,AC,127,VARKALA,187948,135229,71.95,3,Aji S,BDJS,,11214,8.29,0,0,M,50,GEN
AcGenApr2021,S11,AC,127,VARKALA,187948,135229,71.95,4,Anu M.c,BSP,,1948,1.44,0,0,F,25,SC
AcGenApr2021,S11,AC,127,VARKALA,187948,135229,71.95,5,Prince,IND,,658,0.49,0,0,M,39,GEN
AcGenApr2021,S11,AC,127,VARKALA,187948,135229,71.95,6,NOTA,NOTA,,815,0.6,0,1,,,
AcGenApr2021,S11,AC,128,ATTINGAL (SC),202550,147626,72.88,1,O S Ambika,CPI(M),,69898,47.35,1,0,F,54,SC
AcGenApr2021,S11,AC,128,ATTINGAL (SC),202550,147626,72.88,2,Adv. P Sudheer,BJP,,38262,25.92,0,0,M,39,SC
AcGenApr2021,S11,AC,128,ATTINGAL (SC),202550,147626,72.88,3,Adv. A Sreedharan,RSP,,36938,25.02,0,0,M,69,SC
AcGenApr2021,S11,AC,128,ATTINGAL (SC),202550,147626,72.88,4,Vipinlal Vidhyadharan,BSP,,927,0.63,0,0,M,32,SC
AcGenApr2021,S11,AC,128,ATTINGAL (SC),202550,147626,72.88,5,Asha Prakash,ADHRMPI,,339,0.23,0,0,F,29,SC
AcGenApr2021,S11,AC,128,ATTINGAL (SC),202550,147626,72.88,6,NOTA,NOTA,,1071,0.73,0,1,,,
AcGenApr2021,S11,AC,129,CHIRAYINKEEZHU (SC),199492,145080,72.72,1,V. Sasi,CPI,,62634,43.17,1,0,M,70,SC
AcGenApr2021,S11,AC,129,CHIRAYINKEEZHU (SC),199492,145080,72.72,2,B. S. Anoop,INC,,48617,33.51,0,0,M,35,SC
AcGenApr2021,S11,AC,129,CHIRAYINKEEZHU (SC),199492,145080,72.72,3,Ashanath G. S,BJP,,30986,21.36,0,0,F,32,SC
AcGenApr2021,S11,AC,129,CHIRAYINKEEZHU (SC),199492,145080,72.72,4,Anil Mangalapuram,BSP,,1097,0.76,0,0,M,50,SC
AcGenApr2021,S11,AC,129,CHIRAYINKEEZHU (SC),199492,145080,72.72,5,Advocate G. Anil Kumar,WPOI,,616,0.42,0,0,M,52,SC
AcGenApr2021,S11,AC,129,CHIRAYINKEEZHU (SC),199492,145080,72.72,6,NOTA,NOTA,,758,0.52,0,1,,,
AcGenApr2021,S11,AC,130,NEDUMANGAD,208123,153002,73.52,1,Adv. G. R. Anil,CPI,,72742,47.54,1,0,M,58,GEN
AcGenApr2021,S11,AC,130,NEDUMANGAD,208123,153002,73.52,2,P. S. Prasanth,INC,,49433,32.31,0,0,M,43,GEN
AcGenApr2021,S11,AC,130,NEDUMANGAD,208123,153002,73.52,3,Adv. J. R. Padmakumar,BJP,,26861,17.56,0,0,M,59,GEN
AcGenApr2021,S11,AC,130,NEDUMANGAD,208123,153002,73.52,4,Irshad Kanyakulangara,SDPI,,1884,1.23,0,0,M,35,GEN
AcGenApr2021,S11,AC,130,NEDUMANGAD,208123,153002,73.52,5,Bipin Pallipuram,BSP,,563,0.37,0,0,M,33,SC
AcGenApr2021,S11,AC,130,NEDUMANGAD,208123,153002,73.52,6,NOTA,NOTA,,917,0.6,0,1,,,
AcGenApr2021,S11,AC,131,VAMANAPURAM,200798,146525,72.97,1,Adv. D. K. Murali,CPI(M),,73137,49.91,1,0,M,59,GEN
AcGenApr2021,S11,AC,131,VAMANAPURAM,200798,146525,72.97,2,Anad Jayan,INC,,62895,42.92,0,0,M,57,GEN
AcGenApr2021,S11,AC,131,VAMANAPURAM,200798,146525,72.97,3,Thazhava Sahadevan,BDJS,,5603,3.82,0,0,M,66,SC
AcGenApr2021,S11,AC,131,VAMANAPURAM,200798,146525,72.97,4,Ajmal Ismail,SDPI,,2325,1.59,0,0,M,38,GEN
AcGenApr2021,S11,AC,131,VAMANAPURAM,200798,146525,72.97,5,Santhosh T.,BSP,,552,0.38,0,0,M,45,SC
AcGenApr2021,S11,AC,131,VAMANAPURAM,200798,146525,72.97,6,NOTA,NOTA,,716,0.49,0,1,,,
AcGenApr2021,S11,AC,132,KAZHAKKOOTTAM,194752,138325,71.03,1,Kadakampally Surendran,CPI(M),,63690,46.04,1,0,M,68,GEN
AcGenApr2021,S11,AC,132,KAZHAKKOOTTAM,194752,138325,71.03,2,Sobha Surendran,BJP,,40193,29.06,0,0,F,46,GEN
AcGenApr2021,S11,AC,132,KAZHAKKOOTTAM,194752,138325,71.03,3,Dr. S. S. Lal,INC,,32995,23.85,0,0,M,58,GEN
AcGenApr2021,S11,AC,132,KAZHAKKOOTTAM,194752,138325,71.03,4,Kochumani,BSP,,377,0.27,0,0,M,52,GEN
AcGenApr2021,S11,AC,132,KAZHAKKOOTTAM,194752,138325,71.03,5,V. Sasikumaran Nair,IND,,129,0.09,0,0,M,72,GEN
AcGenApr2021,S11,AC,132,KAZHAKKOOTTAM,194752,138325,71.03,6,NOTA,NOTA,,668,0.48,0,1,,,
AcGenApr2021,S11,AC,133,VATTIYOORKAVU,208543,137636,66.0,1,Adv.v.k.prasanth,CPI(M),,61111,44.4,1,0,M,39,GEN
AcGenApr2021,S11,AC,133,VATTIYOORKAVU,208543,137636,66.0,2,Adv.v.v.rajesh,BJP,,39596,28.77,0,0,M,45,GEN
AcGenApr2021,S11,AC,133,VATTIYOORKAVU,208543,137636,66.0,3,Adv.veena.s.nair,INC,,35455,25.76,0,0,F,31,GEN
AcGenApr2021,S11,AC,133,VATTIYOORKAVU,208543,137636,66.0,4,N.murali,BSP,,419,0.3,0,0,M,60,SC
AcGenApr2021,S11,AC,133,VATTIYOORKAVU,208543,137636,66.0,5,A.shyju,SUCI,,201,0.15,0,0,M,36,GEN
AcGenApr2021,S11,AC,133,VATTIYOORKAVU,208543,137636,66.0,6,NOTA,NOTA,,854,0.62,0,1,,,
AcGenApr2021,S11,AC,134,THIRUVANANTHAPURAM,203584,128236,62.99,1,Adv.antony Raju,JKC,,48748,38.01,1,0,M,66,GEN
AcGenApr2021,S11,AC,134,THIRUVANANTHAPURAM,203584,128236,62.99,2,V .s .sivakumar,INC,,41659,32.49,0,0,M,60,GEN
AcGenApr2021,S11,AC,134,THIRUVANANTHAPURAM,203584,128236,62.99,3,Krishnakumar G,BJP,,34996,27.29,0,0,M,53,GEN
AcGenApr2021,S11,AC,134,THIRUVANANTHAPURAM,203584,128236,62.99,4,Abhilash Vadakkan,IND,,436,0.34,0,0,M,38,GEN
AcGenApr2021,S11,AC,134,THIRUVANANTHAPURAM,203584,128236,62.99,5,A .saboora,SUCI,,366,0.29,0,0,F,42,GEN
AcGenApr2021,S11,AC,134,THIRUVANANTHAPURAM,203584,128236,62.99,6,NOTA,NOTA,,1054,0.82,0,1,,,
AcGenApr2021,S11,AC,135,NEMOM,204718,146017,71.33,1,V.sivankutty,CPI(M),,55837,38.24,1,0,M,66,GEN
AcGenApr2021,S11,AC,135,NEMOM,204718,146017,71.33,2,Kummanam Rajasekharan,BJP,,51888,35.54,0,0,M,68,GEN
AcGenApr2021,S11,AC,135,NEMOM,204718,146017,71.33,3,K.muraleedharan,INC,,36524,25.01,0,0,M,63,GEN
AcGenApr2021,S11,AC,135,NEMOM,204718,146017,71.33,4,D.vijayan,BSP,,356,0.24,0,0,M,58,SC
AcGenApr2021,S11,AC,135,NEMOM,204718,146017,71.33,5,Jain Wilson,IND,,165,0.11,0,0,M,61,GEN
AcGenApr2021,S11,AC,135,NEMOM,204718,146017,71.33,6,NOTA,NOTA,,756,0.52,0,1,,,
AcGenApr2021,S11,AC,136,ARUVIKKARA,193873,145708,75.16,1,Adv. G. Steephen,CPI(M),,66776,45.83,1,0,M,51,GEN
AcGenApr2021,S11,AC,136,ARUVIKKARA,193873,145708,75.16,2,K. S. Sabarinadhan,INC,,61730,42.37,0,0,M,37,GEN
AcGenApr2021,S11,AC,136,ARUVIKKARA,193873,145708,75.16,3,C. Sivankutty,BJP,,15379,10.55,0,0,M,58,GEN
AcGenApr2021,S11,AC,136,ARUVIKKARA,193873,145708,75.16,4,Krishnankutty. M,BSP,,923,0.63,0,0,M,40,SC
AcGenApr2021,S11,AC,136,ARUVIKKARA,193873,145708,75.16,5,NOTA,NOTA,,900,0.62,0,1,,,
AcGenApr2021,S11,AC,137,PARASSALA,220246,163090,74.05,1,C.k.hareendran,CPI(M),,78548,48.16,1,0,M,64,GEN
AcGenApr2021,S11,AC,137,PARASSALA,220246,163090,74.05,2,An Sajitha Ressal.r.k,INC,,52720,32.33,0,0,F,53,GEN
AcGenApr2021,S11,AC,137,PARASSALA,220246,163090,74.05,3,Karamana Jayan,BJP,,29850,18.3,0,0,M,56,GEN
AcGenApr2021,S11,AC,137,PARASSALA,220246,163090,74.05,4,J.r.jayakumar,BSP,,778,0.48,0,0,M,60,SC
AcGenApr2021,S11,AC,137,PARASSALA,220246,163090,74.05,5,Shaju Paliyodu,IND,,402,0.25,0,0,M,45,GEN
AcGenApr2021,S11,AC,137,PARASSALA,220246,163090,74.05,6,NOTA,NOTA,,630,0.39,0,1,,,
AcGenApr2021,S11,AC,138,KATTAKKADA,196792,145719,74.05,1,Adv I B Satheesh,CPI(M),,66293,45.49,1,0,M,50,GEN
AcGenApr2021,S11,AC,138,KATTAKKADA,196792,145719,74.05,2,Malayinkeezhu Venugopal,INC,,43062,29.55,0,0,M,51,GEN
AcGenApr2021,S11,AC,138,KATTAKKADA,196792,145719,74.05,3,P.k Krishnadas,BJP,,34642,23.77,0,0,M,64,GEN
AcGenApr2021,S11,AC,138,KATTAKKADA,196792,145719,74.05,4,Kandala Suresh,BSP,,628,0.43,0,0,M,40,SC
AcGenApr2021,S11,AC,138,KATTAKKADA,196792,145719,74.05,5,Sreekala Nadar,IND,,266,0.18,0,0,F,47,GEN
AcGenApr2021,S11,AC,138,KATTAKKADA,196792,145719,74.05,6,NOTA,NOTA,,701,0.48,0,1,,,
AcGenApr2021,S11,AC,139,KOVALAM,219341,159100,72.54,1,Adv. M. Vincent,INC,,74868,47.06,1,0,M,53,GEN
AcGenApr2021,S11,AC,139,KOVALAM,219341,159100,72.54,2,Neelalohithadasan Nadar,JD(S),,63306,39.79,0,0,M,73,GEN
AcGenApr2021,S11,AC,139,KOVALAM,219341,159100,72.54,3,Vishnupuram Chandrasekharan,BJP,,18664,11.73,0,0,M,58,GEN
AcGenApr2021,S11,AC,139,KOVALAM,219341,159100,72.54,4,Kanchampazhinji Sasikumar,BSP,,641,0.4,0,0,M,58,SC
AcGenApr2021,S11,AC,139,KOVALAM,219341,159100,72.54,5,Prince V.s.,IND,,417,0.26,0,0,M,25,GEN
AcGenApr2021,S11,AC,139,KOVALAM,219341,159100,72.54,6,NOTA,NOTA,,773,0.49,0,1,,,
AcGenApr2021,S11,AC,140,NEYYATTINKARA,187559,139291,74.27,1,K. Ansalan,CPI(M),,65497,47.02,1,0,M,55,GEN
AcGenApr2021,S11,AC,140,NEYYATTINKARA,187559,139291,74.27,2,Selvaraj. R,INC,,51235,36.78,0,0,M,72,GEN
AcGenApr2021,S11,AC,140,NEYYATTINKARA,187559,139291,74.27,3,Chenkal. S. Rajasekharan Nair,BJP,,21009,15.08,0,0,M,65,GEN
AcGenApr2021,S11,AC,140,NEYYATTINKARA,187559,139291,74.27,4,Premakumar. T. R,BSP,,643,0.46,0,0,M,46,SC
AcGenApr2021,S11,AC,140,NEYYATTINKARA,187559,139291,74.27,5,NOTA,NOTA,,907,0.65,0,1,,,
